year_month,direct_count,derived_count,total_count,country
201801,1153.0,332100.0,333253.0,일본
201802,932.0,352551.0,353483.0,일본
201803,1208.0,545952.0,547160.0,일본
201804,985.0,397899.0,398884.0,일본
201805,1256.0,438953.0,440209.0,일본
201806,1203.0,444840.0,446043.0,일본
201807,1272.0,453360.0,454632.0,일본
201808,1998.0,600389.0,602387.0,일본
201809,1270.0,521349.0,522619.0,일본
201810,1171.0,540722.0,541893.0,일본
201811,1201.0,570880.0,572081.0,일본
201812,1524.0,536123.0,537647.0,일본
201901,1395.0,445090.0,446485.0,일본
201902,1806.0,441637.0,443443.0,일본
201903,2889.0,780392.0,783281.0,일본
201904,2429.0,581691.0,584120.0,일본
201905,2065.0,645306.0,647371.0,일본
201906,2704.0,624469.0,627173.0,일본
201907,3137.0,616253.0,619390.0,일본
201908,3386.0,764985.0,768371.0,일본
201909,1916.0,662818.0,664734.0,일본
201910,2694.0,636115.0,638809.0,일본
201911,2702.0,668996.0,671698.0,일본
201912,2479.0,680192.0,682671.0,일본
202001,1967.0,569787.0,571754.0,일본
202002,1885.0,628803.0,630688.0,일본
202003,177.0,90828.0,91005.0,일본
202004,56.0,60995.0,61051.0,일본
202005,88.0,65103.0,65191.0,일본
202006,143.0,65011.0,65154.0,일본
202007,191.0,73088.0,73279.0,일본
202008,236.0,74658.0,74894.0,일본
202009,116.0,71053.0,71169.0,일본
202010,140.0,77852.0,77992.0,일본
202011,86.0,71377.0,71463.0,일본
202012,45.0,67018.0,67063.0,일본
202101,48.0,56960.0,57008.0,일본
202102,152.0,63392.0,63544.0,일본
202103,187.0,87321.0,87508.0,일본
202104,224.0,88614.0,88838.0,일본
202105,188.0,94819.0,95007.0,일본
202106,185.0,100224.0,100409.0,일본
202107,281.0,97442.0,97723.0,일본
202108,224.0,105270.0,105494.0,일본
202109,243.0,128343.0,128586.0,일본
202110,240.0,141328.0,141568.0,일본
202111,272.0,136014.0,136286.0,일본
202112,220.0,127769.0,127989.0,일본
202201,250.0,102448.0,102698.0,일본
202202,339.0,108818.0,109157.0,일본
202203,421.0,158710.0,159131.0,일본
202204,426.0,166563.0,166989.0,일본
202205,603.0,180382.0,180985.0,일본
202206,756.0,189444.0,190200.0,일본
202207,1014.0,215982.0,216996.0,일본
202208,1105.0,318833.0,319938.0,일본
202209,837.0,376619.0,377456.0,일본
202210,1007.0,530684.0,531691.0,일본
202211,1045.0,477970.0,479015.0,일본
202212,1568.0,530156.0,531724.0,일본
202301,1340.0,435189.0,436529.0,일본
202302,1295.0,591449.0,592744.0,일본
202303,2083.0,1070290.0,1072373.0,일본
202304,1756.0,748206.0,749962.0,일본
202305,2593.0,956592.0,959185.0,일본
202306,2420.0,1059071.0,1061491.0,일본
202307,2406.0,1094603.0,1097009.0,일본
202308,3544.0,1355691.0,1359235.0,일본
202309,2574.0,1354576.0,1357150.0,일본
202310,2550.0,1289395.0,1291945.0,일본
202311,2584.0,1404452.0,1407036.0,일본
202312,2441.0,1033612.0,1036053.0,일본
202401,2169.0,816660.0,818829.0,일본
202402,2109.0,1040196.0,1042305.0,일본
202403,3132.0,1832675.0,1835807.0,일본
202404,2772.0,1313204.0,1315976.0,일본
202405,3195.0,1441698.0,1444893.0,일본
202406,3284.0,1503320.0,1506604.0,일본
202407,3109.0,1414479.0,1417588.0,일본
202408,5045.0,1879589.0,1884634.0,일본
202409,4321.0,1935150.0,1939471.0,일본
202410,3633.0,1857722.0,1861355.0,일본
202411,3163.0,1897169.0,1900332.0,일본
202412,3263.0,1455781.0,1459044.0,일본
202501,2570.0,1108904.0,1111474.0,일본
202502,2377.0,1324407.0,1326784.0,일본
202503,3512.0,2262459.0,2265971.0,일본
202504,2505.0,1552977.0,1555482.0,일본
202505,3152.0,1763749.0,1766901.0,일본
202506,2720.0,1821260.0,1823980.0,일본
202507,2886.0,1902017.0,1904903.0,일본
202508,4135.0,2422056.0,2426191.0,일본
202509,3667.0,2455307.0,2458974.0,일본
202510,3466.0,1823910.0,1827376.0,일본
202511,3069.0,2248707.0,2251776.0,일본
202512,2812.0,1880769.0,1883581.0,일본
202601,2223.0,1460904.0,1463127.0,일본
202602,2454.0,1528355.0,1530809.0,일본
202603,3787.0,2939876.0,2943663.0,일본
202604,3179.0,2047425.0,2050604.0,일본
201801,162.0,108295.0,108457.0,대만
201802,166.0,116667.0,116833.0,대만
201803,135.0,137004.0,137139.0,대만
201804,206.0,160214.0,160420.0,대만
201805,203.0,126902.0,127105.0,대만
201806,241.0,147594.0,147835.0,대만
201807,298.0,133216.0,133514.0,대만
201808,282.0,132434.0,132716.0,대만
201809,189.0,136618.0,136807.0,대만
201810,217.0,150042.0,150259.0,대만
201811,142.0,140213.0,140355.0,대만
201812,251.0,139438.0,139689.0,대만
201901,249.0,137261.0,137510.0,대만
201902,297.0,126814.0,127111.0,대만
201903,466.0,169283.0,169749.0,대만
201904,654.0,196664.0,197318.0,대만
201905,445.0,170200.0,170645.0,대만
201906,568.0,205230.0,205798.0,대만
201907,583.0,189947.0,190530.0,대만
201908,518.0,191587.0,192105.0,대만
201909,344.0,198465.0,198809.0,대만
201910,561.0,237382.0,237943.0,대만
201911,443.0,208296.0,208739.0,대만
201912,396.0,189571.0,189967.0,대만
202001,349.0,177444.0,177793.0,대만
202002,177.0,114942.0,115119.0,대만
202003,8.0,8696.0,8704.0,대만
202004,0.0,8406.0,8406.0,대만
202005,11.0,8948.0,8959.0,대만
202006,25.0,10052.0,10077.0,대만
202007,17.0,10234.0,10251.0,대만
202008,30.0,10635.0,10665.0,대만
202009,26.0,12089.0,12115.0,대만
202010,15.0,13856.0,13871.0,대만
202011,12.0,12935.0,12947.0,대만
202012,16.0,11828.0,11844.0,대만
202101,5.0,9552.0,9557.0,대만
202102,13.0,8529.0,8542.0,대만
202103,20.0,10816.0,10836.0,대만
202104,31.0,11000.0,11031.0,대만
202105,36.0,11184.0,11220.0,대만
202106,30.0,13288.0,13318.0,대만
202107,20.0,13110.0,13130.0,대만
202108,26.0,14679.0,14705.0,대만
202109,42.0,14516.0,14558.0,대만
202110,29.0,15895.0,15924.0,대만
202111,31.0,14990.0,15021.0,대만
202112,25.0,14906.0,14931.0,대만
202201,25.0,11194.0,11219.0,대만
202202,28.0,11137.0,11165.0,대만
202203,62.0,19753.0,19815.0,대만
202204,45.0,20940.0,20985.0,대만
202205,98.0,24323.0,24421.0,대만
202206,122.0,28296.0,28418.0,대만
202207,140.0,34060.0,34200.0,대만
202208,151.0,43793.0,43944.0,대만
202209,140.0,61771.0,61911.0,대만
202210,144.0,87994.0,88138.0,대만
202211,203.0,107797.0,108000.0,대만
202212,306.0,137066.0,137372.0,대만
202301,470.0,187341.0,187811.0,대만
202302,472.0,204053.0,204525.0,대만
202303,566.0,261261.0,261827.0,대만
202304,688.0,381622.0,382310.0,대만
202305,678.0,315381.0,316059.0,대만
202306,1085.0,472208.0,473293.0,대만
202307,1082.0,434645.0,435727.0,대만
202308,881.0,427774.0,428655.0,대만
202309,878.0,446885.0,447763.0,대만
202310,885.0,466556.0,467441.0,대만
202311,759.0,402597.0,403356.0,대만
202312,648.0,399298.0,399946.0,대만
202401,779.0,401212.0,401991.0,대만
202402,1082.0,433682.0,434764.0,대만
202403,1535.0,567926.0,569461.0,대만
202404,1679.0,651974.0,653653.0,대만
202405,1790.0,655856.0,657646.0,대만
202406,2291.0,800656.0,802947.0,대만
202407,2620.0,730562.0,733182.0,대만
202408,3009.0,726188.0,729197.0,대만
202409,2520.0,796864.0,799384.0,대만
202410,2321.0,788843.0,791164.0,대만
202411,1556.0,696185.0,697741.0,대만
202412,1741.0,748393.0,750134.0,대만
202501,1530.0,700689.0,702219.0,대만
202502,1152.0,642090.0,643242.0,대만
202503,1429.0,850952.0,852381.0,대만
202504,1518.0,923888.0,925406.0,대만
202505,1654.0,1004218.0,1005872.0,대만
202506,1745.0,1102448.0,1104193.0,대만
202507,2301.0,1207807.0,1210108.0,대만
202508,2190.0,1247693.0,1249883.0,대만
202509,2122.0,1237167.0,1239289.0,대만
202510,1984.0,1083411.0,1085395.0,대만
202511,1960.0,1089943.0,1091903.0,대만
202512,1928.0,1168771.0,1170699.0,대만
202601,1938.0,1074021.0,1075959.0,대만
202602,2852.0,1166912.0,1169764.0,대만
202603,2536.0,1405907.0,1408443.0,대만
202604,2931.0,1536417.0,1539348.0,대만
201801,157.0,54920.0,55077.0,홍콩
201802,188.0,64849.0,65037.0,홍콩
201803,195.0,72656.0,72851.0,홍콩
201804,268.0,92016.0,92284.0,홍콩
201805,262.0,74859.0,75121.0,홍콩
201806,282.0,80209.0,80491.0,홍콩
201807,427.0,86694.0,87121.0,홍콩
201808,394.0,76087.0,76481.0,홍콩
201809,236.0,73875.0,74111.0,홍콩
201810,231.0,77952.0,78183.0,홍콩
201811,166.0,68792.0,68958.0,홍콩
201812,353.0,82098.0,82451.0,홍콩
201901,195.0,55485.0,55680.0,홍콩
201902,404.0,64222.0,64626.0,홍콩
201903,405.0,64343.0,64748.0,홍콩
201904,604.0,102647.0,103251.0,홍콩
201905,344.0,79864.0,80208.0,홍콩
201906,440.0,85922.0,86362.0,홍콩
201907,643.0,90799.0,91442.0,홍콩
201908,463.0,89863.0,90326.0,홍콩
201909,215.0,76896.0,77111.0,홍콩
201910,527.0,97561.0,98088.0,홍콩
201911,344.0,87746.0,88090.0,홍콩
201912,510.0,112718.0,113228.0,홍콩
202001,384.0,97253.0,97637.0,홍콩
202002,138.0,57388.0,57526.0,홍콩
202003,51.0,11781.0,11832.0,홍콩
202004,78.0,12735.0,12813.0,홍콩
202005,52.0,13770.0,13822.0,홍콩
202006,110.0,14537.0,14647.0,홍콩
202007,77.0,17067.0,17144.0,홍콩
202008,81.0,16367.0,16448.0,홍콩
202009,66.0,15218.0,15284.0,홍콩
202010,64.0,15305.0,15369.0,홍콩
202011,42.0,13715.0,13757.0,홍콩
202012,17.0,11590.0,11607.0,홍콩
202101,33.0,10646.0,10679.0,홍콩
202102,48.0,10159.0,10207.0,홍콩
202103,26.0,13317.0,13343.0,홍콩
202104,33.0,13935.0,13968.0,홍콩
202105,55.0,14458.0,14513.0,홍콩
202106,65.0,14422.0,14487.0,홍콩
202107,97.0,15712.0,15809.0,홍콩
202108,78.0,16298.0,16376.0,홍콩
202109,107.0,16450.0,16557.0,홍콩
202110,160.0,18300.0,18460.0,홍콩
202111,184.0,17112.0,17296.0,홍콩
202112,200.0,15098.0,15298.0,홍콩
202201,114.0,13850.0,13964.0,홍콩
202202,61.0,13404.0,13465.0,홍콩
202203,148.0,22008.0,22156.0,홍콩
202204,245.0,30591.0,30836.0,홍콩
202205,381.0,33409.0,33790.0,홍콩
202206,439.0,36704.0,37143.0,홍콩
202207,583.0,49974.0,50557.0,홍콩
202208,331.0,49311.0,49642.0,홍콩
202209,419.0,53193.0,53612.0,홍콩
202210,462.0,84454.0,84916.0,홍콩
202211,337.0,78904.0,79241.0,홍콩
202212,479.0,121596.0,122075.0,홍콩
202301,282.0,100485.0,100767.0,홍콩
202302,181.0,67056.0,67237.0,홍콩
202303,257.0,98582.0,98839.0,홍콩
202304,439.0,159620.0,160059.0,홍콩
202305,447.0,125939.0,126386.0,홍콩
202306,473.0,139253.0,139726.0,홍콩
202307,776.0,171831.0,172607.0,홍콩
202308,584.0,175350.0,175934.0,홍콩
202309,457.0,149820.0,150277.0,홍콩
202310,491.0,186359.0,186850.0,홍콩
202311,410.0,164017.0,164427.0,홍콩
202312,816.0,205608.0,206424.0,홍콩
202401,799.0,144412.0,145211.0,홍콩
202402,716.0,152503.0,153219.0,홍콩
202403,885.0,218762.0,219647.0,홍콩
202404,965.0,263080.0,264045.0,홍콩
202405,844.0,254003.0,254847.0,홍콩
202406,1016.0,306268.0,307284.0,홍콩
202407,1308.0,336770.0,338078.0,홍콩
202408,1444.0,347519.0,348963.0,홍콩
202409,1016.0,278432.0,279448.0,홍콩
202410,1118.0,329315.0,330433.0,홍콩
202411,875.0,285041.0,285916.0,홍콩
202412,1302.0,362084.0,363386.0,홍콩
202501,773.0,274307.0,275080.0,홍콩
202502,603.0,204768.0,205371.0,홍콩
202503,879.0,304096.0,304975.0,홍콩
202504,1126.0,450201.0,451327.0,홍콩
202505,1170.0,404791.0,405961.0,홍콩
202506,1141.0,417404.0,418545.0,홍콩
202507,1531.0,489943.0,491474.0,홍콩
202508,1600.0,457109.0,458709.0,홍콩
202509,994.0,387186.0,388180.0,홍콩
202510,1128.0,355629.0,356757.0,홍콩
202511,1023.0,378685.0,379708.0,홍콩
202512,1202.0,489333.0,490535.0,홍콩
202601,820.0,322048.0,322868.0,홍콩
202602,1023.0,311912.0,312935.0,홍콩
202603,1235.0,412501.0,413736.0,홍콩
202604,1448.0,577699.0,579147.0,홍콩
201801,5847.0,629904.0,635751.0,미국
201802,9319.0,709432.0,718751.0,미국
201803,5792.0,828641.0,834433.0,미국
201804,9925.0,865798.0,875723.0,미국
201805,13655.0,959101.0,972756.0,미국
201806,10034.0,994062.0,1004096.0,미국
201807,11912.0,1037770.0,1049682.0,미국
201808,6466.0,901605.0,908071.0,미국
201809,5405.0,916182.0,921587.0,미국
201810,8143.0,986146.0,994289.0,미국
201811,6441.0,934688.0,941129.0,미국
201812,8403.0,939064.0,947467.0,미국
201901,5321.0,790746.0,796067.0,미국
201902,4813.0,729202.0,734015.0,미국
201903,8839.0,1029975.0,1038814.0,미국
201904,12642.0,1064389.0,1077031.0,미국
201905,10802.0,1175130.0,1185932.0,미국
201906,13973.0,1262262.0,1276235.0,미국
201907,17830.0,1303740.0,1321570.0,미국
201908,7754.0,1213064.0,1220818.0,미국
201909,6850.0,1165243.0,1172093.0,미국
201910,11191.0,1276354.0,1287545.0,미국
201911,7860.0,1199838.0,1207698.0,미국
201912,7898.0,1155958.0,1163856.0,미국
202001,7150.0,973542.0,980692.0,미국
202002,3769.0,831775.0,835544.0,미국
202003,717.0,415589.0,416306.0,미국
202004,405.0,379876.0,380281.0,미국
202005,952.0,614111.0,615063.0,미국
202006,1520.0,735715.0,737235.0,미국
202007,2500.0,859417.0,861917.0,미국
202008,2049.0,732302.0,734351.0,미국
202009,1427.0,660038.0,661465.0,미국
202010,2090.0,912957.0,915047.0,미국
202011,1587.0,829551.0,831138.0,미국
202012,785.0,679148.0,679933.0,미국
202101,731.0,553043.0,553774.0,미국
202102,1060.0,652807.0,653867.0,미국
202103,2344.0,846346.0,848690.0,미국
202104,2637.0,888574.0,891211.0,미국
202105,3235.0,999401.0,1002636.0,미국
202106,3825.0,976129.0,979954.0,미국
202107,4390.0,1054932.0,1059322.0,미국
202108,2874.0,962832.0,965706.0,미국
202109,4130.0,996319.0,1000449.0,미국
202110,4377.0,1130074.0,1134451.0,미국
202111,4164.0,1129932.0,1134096.0,미국
202112,6365.0,984462.0,990827.0,미국
202201,1271.0,585542.0,586813.0,미국
202202,1606.0,698798.0,700404.0,미국
202203,3875.0,1003277.0,1007152.0,미국
202204,3563.0,1353523.0,1357086.0,미국
202205,9308.0,1660192.0,1669500.0,미국
202206,11158.0,1803337.0,1814495.0,미국
202207,14172.0,2031118.0,2045290.0,미국
202208,6827.0,1703694.0,1710521.0,미국
202209,4725.0,1892421.0,1897146.0,미국
202210,5948.0,2095071.0,2101019.0,미국
202211,8232.0,1802171.0,1810403.0,미국
202212,7762.0,1684938.0,1692700.0,미국
202301,5068.0,1320437.0,1325505.0,미국
202302,4631.0,1320458.0,1325089.0,미국
202303,4605.0,2063958.0,2068563.0,미국
202304,8475.0,2303126.0,2311601.0,미국
202305,12353.0,2398722.0,2411075.0,미국
202306,14922.0,2661601.0,2676523.0,미국
202307,16285.0,2573773.0,2590058.0,미국
202308,8764.0,2111470.0,2120234.0,미국
202309,6581.0,2273395.0,2279976.0,미국
202310,7118.0,2580664.0,2587782.0,미국
202311,6856.0,2271117.0,2277973.0,미국
202312,6321.0,2001742.0,2008063.0,미국
202401,4078.0,1626238.0,1630316.0,미국
202402,4376.0,1615242.0,1619618.0,미국
202403,9615.0,2441764.0,2451379.0,미국
202404,8691.0,2621099.0,2629790.0,미국
202405,9868.0,2854570.0,2864438.0,미국
202406,16300.0,3383278.0,3399578.0,미국
202407,17741.0,3020717.0,3038458.0,미국
202408,13446.0,2792962.0,2806408.0,미국
202409,9634.0,2801528.0,2811162.0,미국
202410,11362.0,3244875.0,3256237.0,미국
202411,12072.0,2853259.0,2865331.0,미국
202412,10055.0,2537019.0,2547074.0,미국
202501,6048.0,1969536.0,1975584.0,미국
202502,5131.0,1837157.0,1842288.0,미국
202503,8049.0,3052110.0,3060159.0,미국
202504,7743.0,3241128.0,3248871.0,미국
202505,14106.0,3367775.0,3381881.0,미국
202506,15604.0,3751304.0,3766908.0,미국
202507,15061.0,3472919.0,3487980.0,미국
202508,5886.0,2928036.0,2933922.0,미국
202509,5363.0,2991474.0,2996837.0,미국
202510,6518.0,3397559.0,3404077.0,미국
202511,7440.0,3495263.0,3502703.0,미국
202512,6893.0,3001787.0,3008680.0,미국
202601,4140.0,2368616.0,2372756.0,미국
202602,3238.0,2066624.0,2069862.0,미국
202603,6485.0,3322556.0,3329041.0,미국
202604,7467.0,3848073.0,3855540.0,미국
201801,2022.0,799797.0,801819.0,중국
201802,2640.0,764145.0,766785.0,중국
201803,1732.0,932478.0,934210.0,중국
201804,3220.0,1080867.0,1084087.0,중국
201805,3180.0,1152079.0,1155259.0,중국
201806,2736.0,1076225.0,1078961.0,중국
201807,3595.0,1067238.0,1070833.0,중국
201808,3562.0,1030889.0,1034451.0,중국
201809,2028.0,929450.0,931478.0,중국
201810,3344.0,1017651.0,1020995.0,중국
201811,2406.0,1046718.0,1049124.0,중국
201812,2542.0,1028457.0,1030999.0,중국
201901,2117.0,890404.0,892521.0,중국
201902,2967.0,849806.0,852773.0,중국
201903,2889.0,1027381.0,1030270.0,중국
201904,5016.0,1241051.0,1246067.0,중국
201905,4794.0,1374912.0,1379706.0,중국
201906,5412.0,1258930.0,1264342.0,중국
201907,6159.0,1234801.0,1240960.0,중국
201908,5059.0,1176488.0,1181547.0,중국
201909,4912.0,1076104.0,1081016.0,중국
201910,8417.0,1350222.0,1358639.0,중국
201911,3577.0,1150086.0,1153663.0,중국
201912,3005.0,1187322.0,1190327.0,중국
202001,2429.0,896820.0,899249.0,중국
202002,592.0,315802.0,316394.0,중국
202003,70.0,128671.0,128741.0,중국
202004,64.0,125587.0,125651.0,중국
202005,134.0,146547.0,146681.0,중국
202006,128.0,147202.0,147330.0,중국
202007,483.0,164417.0,164900.0,중국
202008,285.0,155463.0,155748.0,중국
202009,187.0,154024.0,154211.0,중국
202010,194.0,173620.0,173814.0,중국
202011,142.0,161088.0,161230.0,중국
202012,78.0,132363.0,132441.0,중국
202101,46.0,99144.0,99190.0,중국
202102,97.0,93573.0,93670.0,중국
202103,121.0,120533.0,120654.0,중국
202104,149.0,114728.0,114877.0,중국
202105,120.0,118416.0,118536.0,중국
202106,147.0,113414.0,113561.0,중국
202107,201.0,104564.0,104765.0,중국
202108,129.0,116947.0,117076.0,중국
202109,157.0,129217.0,129374.0,중국
202110,232.0,144576.0,144808.0,중국
202111,134.0,135698.0,135832.0,중국
202112,168.0,111858.0,112026.0,중국
202201,119.0,93912.0,94031.0,중국
202202,108.0,94375.0,94483.0,중국
202203,133.0,141957.0,142090.0,중국
202204,200.0,148156.0,148356.0,중국
202205,372.0,163637.0,164009.0,중국
202206,412.0,160017.0,160429.0,중국
202207,512.0,170182.0,170694.0,중국
202208,403.0,191501.0,191904.0,중국
202209,281.0,264976.0,265257.0,중국
202210,322.0,301338.0,301660.0,중국
202211,384.0,286167.0,286551.0,중국
202212,507.0,290898.0,291405.0,중국
202301,612.0,231633.0,232245.0,중국
202302,372.0,211428.0,211800.0,중국
202303,420.0,411743.0,412163.0,중국
202304,896.0,540592.0,541488.0,중국
202305,1583.0,647271.0,648854.0,중국
202306,2428.0,719815.0,722243.0,중국
202307,4138.0,824947.0,829085.0,중국
202308,5718.0,772535.0,778253.0,중국
202309,3608.0,927551.0,931159.0,중국
202310,3789.0,1010966.0,1014755.0,중국
202311,1787.0,802370.0,804157.0,중국
202312,1901.0,852566.0,854467.0,중국
202401,2546.0,679657.0,682203.0,중국
202402,3275.0,689750.0,693025.0,중국
202403,2989.0,919340.0,922329.0,중국
202404,3196.0,1106057.0,1109253.0,중국
202405,3615.0,1137723.0,1141338.0,중국
202406,3719.0,1136544.0,1140263.0,중국
202407,5449.0,1211555.0,1217004.0,중국
202408,8081.0,1175507.0,1183588.0,중국
202409,4254.0,1333756.0,1338010.0,중국
202410,4660.0,1422110.0,1426770.0,중국
202411,1726.0,1096256.0,1097982.0,중국
202412,2325.0,1062493.0,1064818.0,중국
202501,2574.0,838065.0,840639.0,중국
202502,1895.0,650362.0,652257.0,중국
202503,1938.0,1215738.0,1217676.0,중국
202504,2668.0,1357870.0,1360538.0,중국
202505,3373.0,1423897.0,1427270.0,중국
202506,3062.0,1374926.0,1377988.0,중국
202507,4715.0,1538954.0,1543669.0,중국
202508,4336.0,1398335.0,1402671.0,중국
202509,3541.0,1574105.0,1577646.0,중국
202510,3394.0,1545881.0,1549275.0,중국
202511,2396.0,1311514.0,1313910.0,중국
202512,2815.0,1359691.0,1362506.0,중국
202601,3026.0,1147483.0,1150509.0,중국
202602,4558.0,1074436.0,1078994.0,중국
202603,4766.0,2636224.0,2640990.0,중국
202604,9604.0,3183032.0,3192636.0,중국
