year_month,industry,ratio,country
201801,K-라이프스타일푸드,22.5,일본
201801,K-쇼핑,45.68,일본
201801,K-한식,11.75,일본
201801,K-뷰티웰니스,11.4,일본
201801,K-패션,7.32,일본
201801,K-문화체험,0.22,일본
201801,K-나이트컬처,0.61,일본
201801,K-스포츠,0.17,일본
201801,K-공연,0.35,일본
201802,K-라이프스타일푸드,25.7,일본
201802,K-쇼핑,44.24,일본
201802,K-한식,11.34,일본
201802,K-뷰티웰니스,10.51,일본
201802,K-패션,6.89,일본
201802,K-문화체험,0.23,일본
201802,K-나이트컬처,0.62,일본
201802,K-스포츠,0.21,일본
201802,K-공연,0.26,일본
201803,K-라이프스타일푸드,23.44,일본
201803,K-쇼핑,42.58,일본
201803,K-한식,11.31,일본
201803,K-뷰티웰니스,12.15,일본
201803,K-패션,9.22,일본
201803,K-문화체험,0.31,일본
201803,K-나이트컬처,0.52,일본
201803,K-스포츠,0.25,일본
201803,K-공연,0.22,일본
201804,K-라이프스타일푸드,24.79,일본
201804,K-쇼핑,40.68,일본
201804,K-한식,12.5,일본
201804,K-뷰티웰니스,11.74,일본
201804,K-패션,8.71,일본
201804,K-문화체험,0.37,일본
201804,K-나이트컬처,0.64,일본
201804,K-스포츠,0.33,일본
201804,K-공연,0.25,일본
201805,K-라이프스타일푸드,23.72,일본
201805,K-쇼핑,41.62,일본
201805,K-한식,12.69,일본
201805,K-뷰티웰니스,11.92,일본
201805,K-패션,8.38,일본
201805,K-문화체험,0.37,일본
201805,K-나이트컬처,0.66,일본
201805,K-스포츠,0.36,일본
201805,K-공연,0.29,일본
201806,K-라이프스타일푸드,24.09,일본
201806,K-쇼핑,40.16,일본
201806,K-한식,12.72,일본
201806,K-뷰티웰니스,12.29,일본
201806,K-패션,9.08,일본
201806,K-문화체험,0.3,일본
201806,K-나이트컬처,0.74,일본
201806,K-스포츠,0.35,일본
201806,K-공연,0.27,일본
201807,K-라이프스타일푸드,24.42,일본
201807,K-쇼핑,41.08,일본
201807,K-한식,12.83,일본
201807,K-뷰티웰니스,11.6,일본
201807,K-패션,8.51,일본
201807,K-문화체험,0.34,일본
201807,K-나이트컬처,0.64,일본
201807,K-스포츠,0.31,일본
201807,K-공연,0.28,일본
201808,K-라이프스타일푸드,26.22,일본
201808,K-쇼핑,39.46,일본
201808,K-한식,13.49,일본
201808,K-뷰티웰니스,10.52,일본
201808,K-패션,8.67,일본
201808,K-문화체험,0.45,일본
201808,K-나이트컬처,0.57,일본
201808,K-스포츠,0.3,일본
201808,K-공연,0.33,일본
201809,K-라이프스타일푸드,26.75,일본
201809,K-쇼핑,37.21,일본
201809,K-한식,13.21,일본
201809,K-뷰티웰니스,11.38,일본
201809,K-패션,9.91,일본
201809,K-문화체험,0.39,일본
201809,K-나이트컬처,0.64,일본
201809,K-스포츠,0.26,일본
201809,K-공연,0.24,일본
201810,K-라이프스타일푸드,25.3,일본
201810,K-쇼핑,38.75,일본
201810,K-한식,13.2,일본
201810,K-뷰티웰니스,11.4,일본
201810,K-패션,9.8,일본
201810,K-문화체험,0.35,일본
201810,K-나이트컬처,0.65,일본
201810,K-스포츠,0.33,일본
201810,K-공연,0.22,일본
201811,K-라이프스타일푸드,25.59,일본
201811,K-쇼핑,38.44,일본
201811,K-한식,12.8,일본
201811,K-뷰티웰니스,12.05,일본
201811,K-패션,9.74,일본
201811,K-문화체험,0.33,일본
201811,K-나이트컬처,0.63,일본
201811,K-스포츠,0.21,일본
201811,K-공연,0.21,일본
201812,K-라이프스타일푸드,26.18,일본
201812,K-쇼핑,38.46,일본
201812,K-한식,13.36,일본
201812,K-뷰티웰니스,11.27,일본
201812,K-패션,9.3,일본
201812,K-문화체험,0.29,일본
201812,K-나이트컬처,0.64,일본
201812,K-스포츠,0.2,일본
201812,K-공연,0.28,일본
201901,K-라이프스타일푸드,26.19,일본
201901,K-쇼핑,38.94,일본
201901,K-한식,13.23,일본
201901,K-뷰티웰니스,11.52,일본
201901,K-패션,8.69,일본
201901,K-문화체험,0.3,일본
201901,K-나이트컬처,0.62,일본
201901,K-스포츠,0.2,일본
201901,K-공연,0.31,일본
201902,K-라이프스타일푸드,27.85,일본
201902,K-쇼핑,35.55,일본
201902,K-한식,12.85,일본
201902,K-뷰티웰니스,12.35,일본
201902,K-패션,9.86,일본
201902,K-문화체험,0.37,일본
201902,K-나이트컬처,0.59,일본
201902,K-스포츠,0.17,일본
201902,K-공연,0.41,일본
201903,K-라이프스타일푸드,28.04,일본
201903,K-쇼핑,34.1,일본
201903,K-한식,13.03,일본
201903,K-뷰티웰니스,12.14,일본
201903,K-패션,11.21,일본
201903,K-문화체험,0.37,일본
201903,K-나이트컬처,0.53,일본
201903,K-스포츠,0.22,일본
201903,K-공연,0.37,일본
201904,K-라이프스타일푸드,29.21,일본
201904,K-쇼핑,34.73,일본
201904,K-한식,14.62,일본
201904,K-뷰티웰니스,10.2,일본
201904,K-패션,9.39,일본
201904,K-문화체험,0.43,일본
201904,K-나이트컬처,0.65,일본
201904,K-스포츠,0.36,일본
201904,K-공연,0.42,일본
201905,K-라이프스타일푸드,28.66,일본
201905,K-쇼핑,35.8,일본
201905,K-한식,14.25,일본
201905,K-뷰티웰니스,10.21,일본
201905,K-패션,9.32,일본
201905,K-문화체험,0.42,일본
201905,K-나이트컬처,0.65,일본
201905,K-스포츠,0.38,일본
201905,K-공연,0.32,일본
201906,K-라이프스타일푸드,28.19,일본
201906,K-쇼핑,35.37,일본
201906,K-한식,13.32,일본
201906,K-뷰티웰니스,11.08,일본
201906,K-패션,10.21,일본
201906,K-문화체험,0.36,일본
201906,K-나이트컬처,0.7,일본
201906,K-스포츠,0.32,일본
201906,K-공연,0.43,일본
201907,K-라이프스타일푸드,28.44,일본
201907,K-쇼핑,35.15,일본
201907,K-한식,13.78,일본
201907,K-뷰티웰니스,10.98,일본
201907,K-패션,9.78,일본
201907,K-문화체험,0.37,일본
201907,K-나이트컬처,0.69,일본
201907,K-스포츠,0.31,일본
201907,K-공연,0.51,일본
201908,K-라이프스타일푸드,31.21,일본
201908,K-쇼핑,34.07,일본
201908,K-한식,14.26,일본
201908,K-뷰티웰니스,9.44,일본
201908,K-패션,9.0,일본
201908,K-문화체험,0.59,일본
201908,K-나이트컬처,0.66,일본
201908,K-스포츠,0.33,일본
201908,K-공연,0.44,일본
201909,K-라이프스타일푸드,31.52,일본
201909,K-쇼핑,33.23,일본
201909,K-한식,14.01,일본
201909,K-뷰티웰니스,9.68,일본
201909,K-패션,9.81,일본
201909,K-문화체험,0.46,일본
201909,K-나이트컬처,0.72,일본
201909,K-스포츠,0.28,일본
201909,K-공연,0.29,일본
201910,K-라이프스타일푸드,31.89,일본
201910,K-쇼핑,32.23,일본
201910,K-한식,14.81,일본
201910,K-뷰티웰니스,9.63,일본
201910,K-패션,9.51,일본
201910,K-문화체험,0.45,일본
201910,K-나이트컬처,0.75,일본
201910,K-스포츠,0.31,일본
201910,K-공연,0.42,일본
201911,K-라이프스타일푸드,30.19,일본
201911,K-쇼핑,33.0,일본
201911,K-한식,14.38,일본
201911,K-뷰티웰니스,10.08,일본
201911,K-패션,10.6,일본
201911,K-문화체험,0.38,일본
201911,K-나이트컬처,0.72,일본
201911,K-스포츠,0.25,일본
201911,K-공연,0.4,일본
201912,K-라이프스타일푸드,30.15,일본
201912,K-쇼핑,33.63,일본
201912,K-한식,14.78,일본
201912,K-뷰티웰니스,10.03,일본
201912,K-패션,9.73,일본
201912,K-문화체험,0.38,일본
201912,K-나이트컬처,0.71,일본
201912,K-스포츠,0.24,일본
201912,K-공연,0.36,일본
202001,K-라이프스타일푸드,30.01,일본
202001,K-쇼핑,33.94,일본
202001,K-한식,14.28,일본
202001,K-뷰티웰니스,10.48,일본
202001,K-패션,9.57,일본
202001,K-문화체험,0.41,일본
202001,K-나이트컬처,0.7,일본
202001,K-스포츠,0.25,일본
202001,K-공연,0.34,일본
202002,K-라이프스타일푸드,31.66,일본
202002,K-쇼핑,31.06,일본
202002,K-한식,14.14,일본
202002,K-뷰티웰니스,11.1,일본
202002,K-패션,10.48,일본
202002,K-문화체험,0.4,일본
202002,K-나이트컬처,0.66,일본
202002,K-스포츠,0.2,일본
202002,K-공연,0.3,일본
202003,K-라이프스타일푸드,43.79,일본
202003,K-쇼핑,28.31,일본
202003,K-한식,14.41,일본
202003,K-뷰티웰니스,6.7,일본
202003,K-패션,4.41,일본
202003,K-문화체험,0.74,일본
202003,K-나이트컬처,1.08,일본
202003,K-스포츠,0.38,일본
202003,K-공연,0.19,일본
202004,K-라이프스타일푸드,44.67,일본
202004,K-쇼핑,30.42,일본
202004,K-한식,13.33,일본
202004,K-뷰티웰니스,5.69,일본
202004,K-패션,2.79,일본
202004,K-문화체험,0.97,일본
202004,K-나이트컬처,1.38,일본
202004,K-스포츠,0.66,일본
202004,K-공연,0.09,일본
202005,K-라이프스타일푸드,44.73,일본
202005,K-쇼핑,28.93,일본
202005,K-한식,13.27,일본
202005,K-뷰티웰니스,6.05,일본
202005,K-패션,3.62,일본
202005,K-문화체험,1.01,일본
202005,K-나이트컬처,1.46,일본
202005,K-스포츠,0.78,일본
202005,K-공연,0.13,일본
202006,K-라이프스타일푸드,45.37,일본
202006,K-쇼핑,27.69,일본
202006,K-한식,13.24,일본
202006,K-뷰티웰니스,6.6,일본
202006,K-패션,3.57,일본
202006,K-문화체험,1.02,일본
202006,K-나이트컬처,1.47,일본
202006,K-스포츠,0.82,일본
202006,K-공연,0.22,일본
202007,K-라이프스타일푸드,46.31,일본
202007,K-쇼핑,26.45,일본
202007,K-한식,14.22,일본
202007,K-뷰티웰니스,5.92,일본
202007,K-패션,3.23,일본
202007,K-문화체험,1.07,일본
202007,K-나이트컬처,1.68,일본
202007,K-스포츠,0.86,일본
202007,K-공연,0.26,일본
202008,K-라이프스타일푸드,46.57,일본
202008,K-쇼핑,27.3,일본
202008,K-한식,14.15,일본
202008,K-뷰티웰니스,5.45,일본
202008,K-패션,2.81,일본
202008,K-문화체험,0.91,일본
202008,K-나이트컬처,1.57,일본
202008,K-스포츠,0.93,일본
202008,K-공연,0.32,일본
202009,K-라이프스타일푸드,45.4,일본
202009,K-쇼핑,29.47,일본
202009,K-한식,14.22,일본
202009,K-뷰티웰니스,5.55,일본
202009,K-패션,2.84,일본
202009,K-문화체험,0.5,일본
202009,K-나이트컬처,1.11,일본
202009,K-스포츠,0.75,일본
202009,K-공연,0.16,일본
202010,K-라이프스타일푸드,46.48,일본
202010,K-쇼핑,27.07,일본
202010,K-한식,15.02,일본
202010,K-뷰티웰니스,5.18,일본
202010,K-패션,3.18,일본
202010,K-문화체험,0.71,일본
202010,K-나이트컬처,1.41,일본
202010,K-스포츠,0.77,일본
202010,K-공연,0.18,일본
202011,K-라이프스타일푸드,45.67,일본
202011,K-쇼핑,28.39,일본
202011,K-한식,15.46,일본
202011,K-뷰티웰니스,5.04,일본
202011,K-패션,2.73,일본
202011,K-문화체험,0.68,일본
202011,K-나이트컬처,1.21,일본
202011,K-스포츠,0.7,일본
202011,K-공연,0.12,일본
202012,K-라이프스타일푸드,42.91,일본
202012,K-쇼핑,32.81,일본
202012,K-한식,14.14,일본
202012,K-뷰티웰니스,5.8,일본
202012,K-패션,2.55,일본
202012,K-문화체험,0.61,일본
202012,K-나이트컬처,0.7,일본
202012,K-스포츠,0.4,일본
202012,K-공연,0.07,일본
202101,K-라이프스타일푸드,44.8,일본
202101,K-쇼핑,30.74,일본
202101,K-한식,14.61,일본
202101,K-뷰티웰니스,5.85,일본
202101,K-패션,2.15,일본
202101,K-문화체험,0.57,일본
202101,K-나이트컬처,0.76,일본
202101,K-스포츠,0.43,일본
202101,K-공연,0.08,일본
202102,K-라이프스타일푸드,45.5,일본
202102,K-쇼핑,29.38,일본
202102,K-한식,14.48,일본
202102,K-뷰티웰니스,5.45,일본
202102,K-패션,2.66,일본
202102,K-문화체험,0.76,일본
202102,K-나이트컬처,0.93,일본
202102,K-스포츠,0.62,일본
202102,K-공연,0.24,일본
202103,K-라이프스타일푸드,46.02,일본
202103,K-쇼핑,28.1,일본
202103,K-한식,15.09,일본
202103,K-뷰티웰니스,5.05,일본
202103,K-패션,3.13,일본
202103,K-문화체험,0.77,일본
202103,K-나이트컬처,1.05,일본
202103,K-스포츠,0.57,일본
202103,K-공연,0.21,일본
202104,K-라이프스타일푸드,48.49,일본
202104,K-쇼핑,25.58,일본
202104,K-한식,15.77,일본
202104,K-뷰티웰니스,4.64,일본
202104,K-패션,2.94,일본
202104,K-문화체험,0.74,일본
202104,K-나이트컬처,1.06,일본
202104,K-스포츠,0.54,일본
202104,K-공연,0.25,일본
202105,K-라이프스타일푸드,48.51,일본
202105,K-쇼핑,25.77,일본
202105,K-한식,15.1,일본
202105,K-뷰티웰니스,4.66,일본
202105,K-패션,3.01,일본
202105,K-문화체험,0.94,일본
202105,K-나이트컬처,1.1,일본
202105,K-스포츠,0.71,일본
202105,K-공연,0.2,일본
202106,K-라이프스타일푸드,48.92,일본
202106,K-쇼핑,25.37,일본
202106,K-한식,14.72,일본
202106,K-뷰티웰니스,5.11,일본
202106,K-패션,3.21,일본
202106,K-문화체험,0.85,일본
202106,K-나이트컬처,1.02,일본
202106,K-스포츠,0.61,일본
202106,K-공연,0.18,일본
202107,K-라이프스타일푸드,49.62,일본
202107,K-쇼핑,26.19,일본
202107,K-한식,14.18,일본
202107,K-뷰티웰니스,4.84,일본
202107,K-패션,2.73,일본
202107,K-문화체험,0.66,일본
202107,K-나이트컬처,0.9,일본
202107,K-스포츠,0.6,일본
202107,K-공연,0.29,일본
202108,K-라이프스타일푸드,49.43,일본
202108,K-쇼핑,25.78,일본
202108,K-한식,14.28,일본
202108,K-뷰티웰니스,5.03,일본
202108,K-패션,3.1,일본
202108,K-문화체험,0.86,일본
202108,K-나이트컬처,0.74,일본
202108,K-스포츠,0.57,일본
202108,K-공연,0.21,일본
202109,K-라이프스타일푸드,49.28,일본
202109,K-쇼핑,25.67,일본
202109,K-한식,13.83,일본
202109,K-뷰티웰니스,4.88,일본
202109,K-패션,3.93,일본
202109,K-문화체험,0.92,일본
202109,K-나이트컬처,0.74,일본
202109,K-스포츠,0.56,일본
202109,K-공연,0.19,일본
202110,K-라이프스타일푸드,50.24,일본
202110,K-쇼핑,23.97,일본
202110,K-한식,14.99,일본
202110,K-뷰티웰니스,4.37,일본
202110,K-패션,3.92,일본
202110,K-문화체험,0.94,일본
202110,K-나이트컬처,0.97,일본
202110,K-스포츠,0.42,일본
202110,K-공연,0.17,일본
202111,K-라이프스타일푸드,49.22,일본
202111,K-쇼핑,23.35,일본
202111,K-한식,16.1,일본
202111,K-뷰티웰니스,4.56,일본
202111,K-패션,3.36,일본
202111,K-문화체험,1.33,일본
202111,K-나이트컬처,1.33,일본
202111,K-스포츠,0.54,일본
202111,K-공연,0.2,일본
202112,K-라이프스타일푸드,48.2,일본
202112,K-쇼핑,26.29,일본
202112,K-한식,14.38,일본
202112,K-뷰티웰니스,5.17,일본
202112,K-패션,3.31,일본
202112,K-문화체험,1.05,일본
202112,K-나이트컬처,1.04,일본
202112,K-스포츠,0.39,일본
202112,K-공연,0.17,일본
202201,K-라이프스타일푸드,49.69,일본
202201,K-쇼핑,25.41,일본
202201,K-한식,14.42,일본
202201,K-뷰티웰니스,5.06,일본
202201,K-패션,2.88,일본
202201,K-문화체험,0.98,일본
202201,K-나이트컬처,0.86,일본
202201,K-스포츠,0.45,일본
202201,K-공연,0.24,일본
202202,K-라이프스타일푸드,48.29,일본
202202,K-쇼핑,27.25,일본
202202,K-한식,13.22,일본
202202,K-뷰티웰니스,5.53,일본
202202,K-패션,3.04,일본
202202,K-문화체험,1.11,일본
202202,K-나이트컬처,0.83,일본
202202,K-스포츠,0.42,일본
202202,K-공연,0.31,일본
202203,K-라이프스타일푸드,48.44,일본
202203,K-쇼핑,26.28,일본
202203,K-한식,14.25,일본
202203,K-뷰티웰니스,5.17,일본
202203,K-패션,3.27,일본
202203,K-문화체험,1.08,일본
202203,K-나이트컬처,0.88,일본
202203,K-스포츠,0.38,일본
202203,K-공연,0.26,일본
202204,K-라이프스타일푸드,51.33,일본
202204,K-쇼핑,22.6,일본
202204,K-한식,15.03,일본
202204,K-뷰티웰니스,4.5,일본
202204,K-패션,3.48,일본
202204,K-문화체험,1.15,일본
202204,K-나이트컬처,1.2,일본
202204,K-스포츠,0.45,일본
202204,K-공연,0.26,일본
202205,K-라이프스타일푸드,49.52,일본
202205,K-쇼핑,22.93,일본
202205,K-한식,15.37,일본
202205,K-뷰티웰니스,4.69,일본
202205,K-패션,3.49,일본
202205,K-문화체험,1.63,일본
202205,K-나이트컬처,1.49,일본
202205,K-스포츠,0.54,일본
202205,K-공연,0.33,일본
202206,K-라이프스타일푸드,48.16,일본
202206,K-쇼핑,24.09,일본
202206,K-한식,15.35,일본
202206,K-뷰티웰니스,4.87,일본
202206,K-패션,3.5,일본
202206,K-문화체험,1.77,일본
202206,K-나이트컬처,1.41,일본
202206,K-스포츠,0.45,일본
202206,K-공연,0.4,일본
202207,K-라이프스타일푸드,47.57,일본
202207,K-쇼핑,24.2,일본
202207,K-한식,15.46,일본
202207,K-뷰티웰니스,5.09,일본
202207,K-패션,3.99,일본
202207,K-문화체험,1.32,일본
202207,K-나이트컬처,1.42,일본
202207,K-스포츠,0.49,일본
202207,K-공연,0.47,일본
202208,K-라이프스타일푸드,44.86,일본
202208,K-쇼핑,25.44,일본
202208,K-한식,14.72,일본
202208,K-뷰티웰니스,5.87,일본
202208,K-패션,5.25,일본
202208,K-문화체험,1.79,일본
202208,K-나이트컬처,1.27,일본
202208,K-스포츠,0.45,일본
202208,K-공연,0.35,일본
202209,K-라이프스타일푸드,45.53,일본
202209,K-쇼핑,24.51,일본
202209,K-한식,15.24,일본
202209,K-뷰티웰니스,5.49,일본
202209,K-패션,5.76,일본
202209,K-문화체험,1.7,일본
202209,K-나이트컬처,1.22,일본
202209,K-스포츠,0.33,일본
202209,K-공연,0.22,일본
202210,K-라이프스타일푸드,43.53,일본
202210,K-쇼핑,23.98,일본
202210,K-한식,15.22,일본
202210,K-뷰티웰니스,6.1,일본
202210,K-패션,7.83,일본
202210,K-문화체험,1.66,일본
202210,K-나이트컬처,1.19,일본
202210,K-스포츠,0.29,일본
202210,K-공연,0.19,일본
202211,K-라이프스타일푸드,41.77,일본
202211,K-쇼핑,24.09,일본
202211,K-한식,15.9,일본
202211,K-뷰티웰니스,6.63,일본
202211,K-패션,8.3,일본
202211,K-문화체험,1.61,일본
202211,K-나이트컬처,1.19,일본
202211,K-스포츠,0.29,일본
202211,K-공연,0.22,일본
202212,K-라이프스타일푸드,39.41,일본
202212,K-쇼핑,25.78,일본
202212,K-한식,15.34,일본
202212,K-뷰티웰니스,7.21,일본
202212,K-패션,9.14,일본
202212,K-문화체험,1.5,일본
202212,K-나이트컬처,1.06,일본
202212,K-스포츠,0.28,일본
202212,K-공연,0.29,일본
202301,K-라이프스타일푸드,38.58,일본
202301,K-쇼핑,26.68,일본
202301,K-한식,15.11,일본
202301,K-뷰티웰니스,7.34,일본
202301,K-패션,9.25,일본
202301,K-문화체험,1.42,일본
202301,K-나이트컬처,1.02,일본
202301,K-스포츠,0.29,일본
202301,K-공연,0.31,일본
202302,K-라이프스타일푸드,37.7,일본
202302,K-쇼핑,25.89,일본
202302,K-한식,14.22,일본
202302,K-뷰티웰니스,7.71,일본
202302,K-패션,11.29,일본
202302,K-문화체험,1.78,일본
202302,K-나이트컬처,0.95,일본
202302,K-스포츠,0.24,일본
202302,K-공연,0.22,일본
202303,K-라이프스타일푸드,37.42,일본
202303,K-쇼핑,25.0,일본
202303,K-한식,14.14,일본
202303,K-뷰티웰니스,8.05,일본
202303,K-패션,12.41,일본
202303,K-문화체험,1.77,일본
202303,K-나이트컬처,0.78,일본
202303,K-스포츠,0.23,일본
202303,K-공연,0.19,일본
202304,K-라이프스타일푸드,38.65,일본
202304,K-쇼핑,25.33,일본
202304,K-한식,14.82,일본
202304,K-뷰티웰니스,7.99,일본
202304,K-패션,10.48,일본
202304,K-문화체험,1.27,일본
202304,K-나이트컬처,0.95,일본
202304,K-스포츠,0.29,일본
202304,K-공연,0.23,일본
202305,K-라이프스타일푸드,36.88,일본
202305,K-쇼핑,25.49,일본
202305,K-한식,14.87,일본
202305,K-뷰티웰니스,8.83,일본
202305,K-패션,11.1,일본
202305,K-문화체험,1.29,일본
202305,K-나이트컬처,0.97,일본
202305,K-스포츠,0.31,일본
202305,K-공연,0.27,일본
202306,K-라이프스타일푸드,37.18,일본
202306,K-쇼핑,24.36,일본
202306,K-한식,13.84,일본
202306,K-뷰티웰니스,9.8,일본
202306,K-패션,12.07,일본
202306,K-문화체험,1.34,일본
202306,K-나이트컬처,0.9,일본
202306,K-스포츠,0.29,일본
202306,K-공연,0.23,일본
202307,K-라이프스타일푸드,37.24,일본
202307,K-쇼핑,24.4,일본
202307,K-한식,13.92,일본
202307,K-뷰티웰니스,9.91,일본
202307,K-패션,11.8,일본
202307,K-문화체험,1.43,일본
202307,K-나이트컬처,0.84,일본
202307,K-스포츠,0.25,일본
202307,K-공연,0.22,일본
202308,K-라이프스타일푸드,37.81,일본
202308,K-쇼핑,24.87,일본
202308,K-한식,13.98,일본
202308,K-뷰티웰니스,8.95,일본
202308,K-패션,11.27,일본
202308,K-문화체험,1.79,일본
202308,K-나이트컬처,0.77,일본
202308,K-스포츠,0.3,일본
202308,K-공연,0.26,일본
202309,K-라이프스타일푸드,37.58,일본
202309,K-쇼핑,23.98,일본
202309,K-한식,13.79,일본
202309,K-뷰티웰니스,9.92,일본
202309,K-패션,12.07,일본
202309,K-문화체험,1.39,일본
202309,K-나이트컬처,0.85,일본
202309,K-스포츠,0.25,일본
202309,K-공연,0.19,일본
202310,K-라이프스타일푸드,37.35,일본
202310,K-쇼핑,24.05,일본
202310,K-한식,14.25,일본
202310,K-뷰티웰니스,9.95,일본
202310,K-패션,11.65,일본
202310,K-문화체험,1.41,일본
202310,K-나이트컬처,0.83,일본
202310,K-스포츠,0.29,일본
202310,K-공연,0.2,일본
202311,K-라이프스타일푸드,35.89,일본
202311,K-쇼핑,24.55,일본
202311,K-한식,14.51,일본
202311,K-뷰티웰니스,10.16,일본
202311,K-패션,12.39,일본
202311,K-문화체험,1.28,일본
202311,K-나이트컬처,0.76,일본
202311,K-스포츠,0.27,일본
202311,K-공연,0.18,일본
202312,K-라이프스타일푸드,37.8,일본
202312,K-쇼핑,25.02,일본
202312,K-한식,14.35,일본
202312,K-뷰티웰니스,9.53,일본
202312,K-패션,10.62,일본
202312,K-문화체험,1.38,일본
202312,K-나이트컬처,0.79,일본
202312,K-스포츠,0.27,일본
202312,K-공연,0.24,일본
202401,K-라이프스타일푸드,38.09,일본
202401,K-쇼핑,24.52,일본
202401,K-한식,14.58,일본
202401,K-뷰티웰니스,9.72,일본
202401,K-패션,10.48,일본
202401,K-문화체험,1.32,일본
202401,K-나이트컬처,0.76,일본
202401,K-스포츠,0.27,일본
202401,K-공연,0.26,일본
202402,K-라이프스타일푸드,38.59,일본
202402,K-쇼핑,23.49,일본
202402,K-한식,13.92,일본
202402,K-뷰티웰니스,9.6,일본
202402,K-패션,11.73,일본
202402,K-문화체험,1.48,일본
202402,K-나이트컬처,0.72,일본
202402,K-스포츠,0.26,일본
202402,K-공연,0.2,일본
202403,K-라이프스타일푸드,38.34,일본
202403,K-쇼핑,23.31,일본
202403,K-한식,13.8,일본
202403,K-뷰티웰니스,9.38,일본
202403,K-패션,12.65,일본
202403,K-문화체험,1.48,일본
202403,K-나이트컬처,0.61,일본
202403,K-스포츠,0.25,일본
202403,K-공연,0.17,일본
202404,K-라이프스타일푸드,38.91,일본
202404,K-쇼핑,22.71,일본
202404,K-한식,14.25,일본
202404,K-뷰티웰니스,10.03,일본
202404,K-패션,11.37,일본
202404,K-문화체험,1.49,일본
202404,K-나이트컬처,0.74,일본
202404,K-스포츠,0.28,일본
202404,K-공연,0.21,일본
202405,K-라이프스타일푸드,38.47,일본
202405,K-쇼핑,23.26,일본
202405,K-한식,14.38,일본
202405,K-뷰티웰니스,10.05,일본
202405,K-패션,11.09,일본
202405,K-문화체험,1.46,일본
202405,K-나이트컬처,0.76,일본
202405,K-스포츠,0.3,일본
202405,K-공연,0.22,일본
202406,K-라이프스타일푸드,38.65,일본
202406,K-쇼핑,22.42,일본
202406,K-한식,13.57,일본
202406,K-뷰티웰니스,11.15,일본
202406,K-패션,11.59,일본
202406,K-문화체험,1.38,일본
202406,K-나이트컬처,0.72,일본
202406,K-스포츠,0.29,일본
202406,K-공연,0.22,일본
202407,K-라이프스타일푸드,38.38,일본
202407,K-쇼핑,22.66,일본
202407,K-한식,13.91,일본
202407,K-뷰티웰니스,10.75,일본
202407,K-패션,11.64,일본
202407,K-문화체험,1.47,일본
202407,K-나이트컬처,0.7,일본
202407,K-스포츠,0.28,일본
202407,K-공연,0.22,일본
202408,K-라이프스타일푸드,39.87,일본
202408,K-쇼핑,22.52,일본
202408,K-한식,13.87,일본
202408,K-뷰티웰니스,9.5,일본
202408,K-패션,11.24,일본
202408,K-문화체험,1.74,일본
202408,K-나이트컬처,0.66,일본
202408,K-스포츠,0.34,일본
202408,K-공연,0.27,일본
202409,K-라이프스타일푸드,39.22,일본
202409,K-쇼핑,21.86,일본
202409,K-한식,13.28,일본
202409,K-뷰티웰니스,10.79,일본
202409,K-패션,12.19,일본
202409,K-문화체험,1.49,일본
202409,K-나이트컬처,0.67,일본
202409,K-스포츠,0.28,일본
202409,K-공연,0.22,일본
202410,K-라이프스타일푸드,38.67,일본
202410,K-쇼핑,21.99,일본
202410,K-한식,13.63,일본
202410,K-뷰티웰니스,11.25,일본
202410,K-패션,11.87,일본
202410,K-문화체험,1.39,일본
202410,K-나이트컬처,0.71,일본
202410,K-스포츠,0.29,일본
202410,K-공연,0.2,일본
202411,K-라이프스타일푸드,37.79,일본
202411,K-쇼핑,22.2,일본
202411,K-한식,13.66,일본
202411,K-뷰티웰니스,11.76,일본
202411,K-패션,12.13,일본
202411,K-문화체험,1.31,일본
202411,K-나이트컬처,0.71,일본
202411,K-스포츠,0.28,일본
202411,K-공연,0.17,일본
202412,K-라이프스타일푸드,38.02,일본
202412,K-쇼핑,23.19,일본
202412,K-한식,14.08,일본
202412,K-뷰티웰니스,11.16,일본
202412,K-패션,10.77,일본
202412,K-문화체험,1.57,일본
202412,K-나이트컬처,0.67,일본
202412,K-스포츠,0.31,일본
202412,K-공연,0.22,일본
202501,K-라이프스타일푸드,38.6,일본
202501,K-쇼핑,23.15,일본
202501,K-한식,14.17,일본
202501,K-뷰티웰니스,10.92,일본
202501,K-패션,10.21,일본
202501,K-문화체험,1.7,일본
202501,K-나이트컬처,0.67,일본
202501,K-스포츠,0.35,일본
202501,K-공연,0.23,일본
202502,K-라이프스타일푸드,38.77,일본
202502,K-쇼핑,21.99,일본
202502,K-한식,13.81,일본
202502,K-뷰티웰니스,11.08,일본
202502,K-패션,11.63,일본
202502,K-문화체험,1.58,일본
202502,K-나이트컬처,0.62,일본
202502,K-스포츠,0.32,일본
202502,K-공연,0.18,일본
202503,K-라이프스타일푸드,39.29,일본
202503,K-쇼핑,21.63,일본
202503,K-한식,13.36,일본
202503,K-뷰티웰니스,10.92,일본
202503,K-패션,12.24,일본
202503,K-문화체험,1.56,일본
202503,K-나이트컬처,0.58,일본
202503,K-스포츠,0.27,일본
202503,K-공연,0.15,일본
202504,K-라이프스타일푸드,39.99,일본
202504,K-쇼핑,22.35,일본
202504,K-한식,13.85,일본
202504,K-뷰티웰니스,10.55,일본
202504,K-패션,10.45,일본
202504,K-문화체험,1.59,일본
202504,K-나이트컬처,0.69,일본
202504,K-스포츠,0.36,일본
202504,K-공연,0.16,일본
202505,K-라이프스타일푸드,38.35,일본
202505,K-쇼핑,22.89,일본
202505,K-한식,13.57,일본
202505,K-뷰티웰니스,10.9,일본
202505,K-패션,11.35,일본
202505,K-문화체험,1.74,일본
202505,K-나이트컬처,0.71,일본
202505,K-스포츠,0.31,일본
202505,K-공연,0.18,일본
202506,K-라이프스타일푸드,39.34,일본
202506,K-쇼핑,22.5,일본
202506,K-한식,12.98,일본
202506,K-뷰티웰니스,11.23,일본
202506,K-패션,11.27,일본
202506,K-문화체험,1.58,일본
202506,K-나이트컬처,0.66,일본
202506,K-스포츠,0.3,일본
202506,K-공연,0.15,일본
202507,K-라이프스타일푸드,39.47,일본
202507,K-쇼핑,22.36,일본
202507,K-한식,13.38,일본
202507,K-뷰티웰니스,11.02,일본
202507,K-패션,10.99,일본
202507,K-문화체험,1.71,일본
202507,K-나이트컬처,0.63,일본
202507,K-스포츠,0.29,일본
202507,K-공연,0.15,일본
202508,K-라이프스타일푸드,39.63,일본
202508,K-쇼핑,22.75,일본
202508,K-한식,13.5,일본
202508,K-뷰티웰니스,10.12,일본
202508,K-패션,10.98,일본
202508,K-문화체험,1.9,일본
202508,K-나이트컬처,0.61,일본
202508,K-스포츠,0.35,일본
202508,K-공연,0.17,일본
202509,K-라이프스타일푸드,39.12,일본
202509,K-쇼핑,21.96,일본
202509,K-한식,13.27,일본
202509,K-뷰티웰니스,11.49,일본
202509,K-패션,11.58,일본
202509,K-문화체험,1.51,일본
202509,K-나이트컬처,0.61,일본
202509,K-스포츠,0.32,일본
202509,K-공연,0.15,일본
202510,K-라이프스타일푸드,38.93,일본
202510,K-쇼핑,22.43,일본
202510,K-한식,13.73,일본
202510,K-뷰티웰니스,11.36,일본
202510,K-패션,10.86,일본
202510,K-문화체험,1.55,일본
202510,K-나이트컬처,0.62,일본
202510,K-스포츠,0.32,일본
202510,K-공연,0.19,일본
202511,K-라이프스타일푸드,37.42,일본
202511,K-쇼핑,22.62,일본
202511,K-한식,13.88,일본
202511,K-뷰티웰니스,12.23,일본
202511,K-패션,11.48,일본
202511,K-문화체험,1.34,일본
202511,K-나이트컬처,0.59,일본
202511,K-스포츠,0.31,일본
202511,K-공연,0.14,일본
202512,K-라이프스타일푸드,37.34,일본
202512,K-쇼핑,23.46,일본
202512,K-한식,14.16,일본
202512,K-뷰티웰니스,11.9,일본
202512,K-패션,10.54,일본
202512,K-문화체험,1.58,일본
202512,K-나이트컬처,0.6,일본
202512,K-스포츠,0.28,일본
202512,K-공연,0.15,일본
202601,K-라이프스타일푸드,37.58,일본
202601,K-쇼핑,23.71,일본
202601,K-한식,14.28,일본
202601,K-뷰티웰니스,11.31,일본
202601,K-패션,10.41,일본
202601,K-문화체험,1.59,일본
202601,K-나이트컬처,0.63,일본
202601,K-스포츠,0.33,일본
202601,K-공연,0.15,일본
202602,K-라이프스타일푸드,39.15,일본
202602,K-쇼핑,22.63,일본
202602,K-한식,13.77,일본
202602,K-뷰티웰니스,10.81,일본
202602,K-패션,10.84,일본
202602,K-문화체험,1.68,일본
202602,K-나이트컬처,0.61,일본
202602,K-스포츠,0.35,일본
202602,K-공연,0.16,일본
202603,K-라이프스타일푸드,39.66,일본
202603,K-쇼핑,21.74,일본
202603,K-한식,13.64,일본
202603,K-뷰티웰니스,10.63,일본
202603,K-패션,11.82,일본
202603,K-문화체험,1.61,일본
202603,K-나이트컬처,0.52,일본
202603,K-스포츠,0.24,일본
202603,K-공연,0.13,일본
202604,K-라이프스타일푸드,40.51,일본
202604,K-쇼핑,22.1,일본
202604,K-한식,13.94,일본
202604,K-뷰티웰니스,10.73,일본
202604,K-패션,10.1,일본
202604,K-문화체험,1.58,일본
202604,K-나이트컬처,0.6,일본
202604,K-스포츠,0.29,일본
202604,K-공연,0.16,일본
201801,K-라이프스타일푸드,14.15,대만
201801,K-쇼핑,52.8,대만
201801,K-한식,6.16,대만
201801,K-뷰티웰니스,15.44,대만
201801,K-패션,10.22,대만
201801,K-문화체험,0.63,대만
201801,K-스포츠,0.24,대만
201801,K-나이트컬처,0.21,대만
201801,K-공연,0.15,대만
201802,K-라이프스타일푸드,15.08,대만
201802,K-쇼핑,52.66,대만
201802,K-한식,6.0,대만
201802,K-뷰티웰니스,15.01,대만
201802,K-패션,9.71,대만
201802,K-문화체험,0.85,대만
201802,K-스포츠,0.33,대만
201802,K-나이트컬처,0.22,대만
201802,K-공연,0.14,대만
201803,K-라이프스타일푸드,14.57,대만
201803,K-쇼핑,54.87,대만
201803,K-한식,5.6,대만
201803,K-뷰티웰니스,13.25,대만
201803,K-패션,10.6,대만
201803,K-문화체험,0.61,대만
201803,K-스포츠,0.18,대만
201803,K-나이트컬처,0.21,대만
201803,K-공연,0.1,대만
201804,K-라이프스타일푸드,15.87,대만
201804,K-쇼핑,50.36,대만
201804,K-한식,6.44,대만
201804,K-뷰티웰니스,14.3,대만
201804,K-패션,11.51,대만
201804,K-문화체험,0.92,대만
201804,K-스포츠,0.21,대만
201804,K-나이트컬처,0.27,대만
201804,K-공연,0.13,대만
201805,K-라이프스타일푸드,15.99,대만
201805,K-쇼핑,50.47,대만
201805,K-한식,6.48,대만
201805,K-뷰티웰니스,14.19,대만
201805,K-패션,11.53,대만
201805,K-문화체험,0.7,대만
201805,K-스포츠,0.18,대만
201805,K-나이트컬처,0.3,대만
201805,K-공연,0.16,대만
201806,K-라이프스타일푸드,16.16,대만
201806,K-쇼핑,49.15,대만
201806,K-한식,7.17,대만
201806,K-뷰티웰니스,13.99,대만
201806,K-패션,11.92,대만
201806,K-문화체험,0.91,대만
201806,K-스포츠,0.21,대만
201806,K-나이트컬처,0.31,대만
201806,K-공연,0.16,대만
201807,K-라이프스타일푸드,17.57,대만
201807,K-쇼핑,49.22,대만
201807,K-한식,7.7,대만
201807,K-뷰티웰니스,13.17,대만
201807,K-패션,10.16,대만
201807,K-문화체험,1.36,대만
201807,K-스포츠,0.34,대만
201807,K-나이트컬처,0.26,대만
201807,K-공연,0.22,대만
201808,K-라이프스타일푸드,18.52,대만
201808,K-쇼핑,48.52,대만
201808,K-한식,8.08,대만
201808,K-뷰티웰니스,12.9,대만
201808,K-패션,9.83,대만
201808,K-문화체험,1.37,대만
201808,K-스포츠,0.24,대만
201808,K-나이트컬처,0.33,대만
201808,K-공연,0.21,대만
201809,K-라이프스타일푸드,17.23,대만
201809,K-쇼핑,49.73,대만
201809,K-한식,7.64,대만
201809,K-뷰티웰니스,12.66,대만
201809,K-패션,11.12,대만
201809,K-문화체험,0.93,대만
201809,K-스포츠,0.21,대만
201809,K-나이트컬처,0.35,대만
201809,K-공연,0.14,대만
201810,K-라이프스타일푸드,17.09,대만
201810,K-쇼핑,49.83,대만
201810,K-한식,7.8,대만
201810,K-뷰티웰니스,12.27,대만
201810,K-패션,11.57,대만
201810,K-문화체험,0.81,대만
201810,K-스포츠,0.21,대만
201810,K-나이트컬처,0.27,대만
201810,K-공연,0.14,대만
201811,K-라이프스타일푸드,17.92,대만
201811,K-쇼핑,49.37,대만
201811,K-한식,7.77,대만
201811,K-뷰티웰니스,12.08,대만
201811,K-패션,11.51,대만
201811,K-문화체험,0.76,대만
201811,K-스포츠,0.15,대만
201811,K-나이트컬처,0.33,대만
201811,K-공연,0.1,대만
201812,K-라이프스타일푸드,17.79,대만
201812,K-쇼핑,48.49,대만
201812,K-한식,8.0,대만
201812,K-뷰티웰니스,11.94,대만
201812,K-패션,12.05,대만
201812,K-문화체험,0.95,대만
201812,K-스포츠,0.26,대만
201812,K-나이트컬처,0.34,대만
201812,K-공연,0.18,대만
201901,K-라이프스타일푸드,19.3,대만
201901,K-쇼핑,46.65,대만
201901,K-한식,7.79,대만
201901,K-뷰티웰니스,13.8,대만
201901,K-패션,10.63,대만
201901,K-문화체험,0.97,대만
201901,K-스포츠,0.37,대만
201901,K-나이트컬처,0.31,대만
201901,K-공연,0.18,대만
201902,K-라이프스타일푸드,18.26,대만
201902,K-쇼핑,47.74,대만
201902,K-한식,7.99,대만
201902,K-뷰티웰니스,13.27,대만
201902,K-패션,10.56,대만
201902,K-문화체험,1.25,대만
201902,K-스포츠,0.45,대만
201902,K-나이트컬처,0.26,대만
201902,K-공연,0.23,대만
201903,K-라이프스타일푸드,18.02,대만
201903,K-쇼핑,49.27,대만
201903,K-한식,7.58,대만
201903,K-뷰티웰니스,12.34,대만
201903,K-패션,10.91,대만
201903,K-문화체험,1.08,대만
201903,K-스포츠,0.22,대만
201903,K-나이트컬처,0.31,대만
201903,K-공연,0.27,대만
201904,K-라이프스타일푸드,18.8,대만
201904,K-쇼핑,48.53,대만
201904,K-한식,8.46,대만
201904,K-뷰티웰니스,11.1,대만
201904,K-패션,11.16,대만
201904,K-문화체험,1.09,대만
201904,K-스포츠,0.25,대만
201904,K-나이트컬처,0.28,대만
201904,K-공연,0.33,대만
201905,K-라이프스타일푸드,19.13,대만
201905,K-쇼핑,48.31,대만
201905,K-한식,8.37,대만
201905,K-뷰티웰니스,10.88,대만
201905,K-패션,11.27,대만
201905,K-문화체험,1.16,대만
201905,K-스포츠,0.27,대만
201905,K-나이트컬처,0.34,대만
201905,K-공연,0.26,대만
201906,K-라이프스타일푸드,19.34,대만
201906,K-쇼핑,47.15,대만
201906,K-한식,8.94,대만
201906,K-뷰티웰니스,10.65,대만
201906,K-패션,11.73,대만
201906,K-문화체험,1.3,대만
201906,K-스포츠,0.27,대만
201906,K-나이트컬처,0.35,대만
201906,K-공연,0.28,대만
201907,K-라이프스타일푸드,21.25,대만
201907,K-쇼핑,45.87,대만
201907,K-한식,9.49,대만
201907,K-뷰티웰니스,10.4,대만
201907,K-패션,10.41,대만
201907,K-문화체험,1.59,대만
201907,K-스포츠,0.36,대만
201907,K-나이트컬처,0.32,대만
201907,K-공연,0.31,대만
201908,K-라이프스타일푸드,21.66,대만
201908,K-쇼핑,45.5,대만
201908,K-한식,9.43,대만
201908,K-뷰티웰니스,10.58,대만
201908,K-패션,9.99,대만
201908,K-문화체험,1.9,대만
201908,K-스포츠,0.34,대만
201908,K-나이트컬처,0.34,대만
201908,K-공연,0.27,대만
201909,K-라이프스타일푸드,20.5,대만
201909,K-쇼핑,46.67,대만
201909,K-한식,9.25,대만
201909,K-뷰티웰니스,10.22,대만
201909,K-패션,11.31,대만
201909,K-문화체험,1.25,대만
201909,K-스포츠,0.25,대만
201909,K-나이트컬처,0.38,대만
201909,K-공연,0.17,대만
201910,K-라이프스타일푸드,21.22,대만
201910,K-쇼핑,44.71,대만
201910,K-한식,10.39,대만
201910,K-뷰티웰니스,10.14,대만
201910,K-패션,11.44,대만
201910,K-문화체험,1.24,대만
201910,K-스포츠,0.28,대만
201910,K-나이트컬처,0.34,대만
201910,K-공연,0.24,대만
201911,K-라이프스타일푸드,21.22,대만
201911,K-쇼핑,44.23,대만
201911,K-한식,10.6,대만
201911,K-뷰티웰니스,10.25,대만
201911,K-패션,11.78,대만
201911,K-문화체험,1.08,대만
201911,K-스포츠,0.23,대만
201911,K-나이트컬처,0.38,대만
201911,K-공연,0.21,대만
201912,K-라이프스타일푸드,21.57,대만
201912,K-쇼핑,43.2,대만
201912,K-한식,10.45,대만
201912,K-뷰티웰니스,10.27,대만
201912,K-패션,12.51,대만
201912,K-문화체험,1.04,대만
201912,K-스포츠,0.36,대만
201912,K-나이트컬처,0.39,대만
201912,K-공연,0.21,대만
202001,K-라이프스타일푸드,22.76,대만
202001,K-쇼핑,43.01,대만
202001,K-한식,10.0,대만
202001,K-뷰티웰니스,11.2,대만
202001,K-패션,10.67,대만
202001,K-문화체험,1.23,대만
202001,K-스포츠,0.62,대만
202001,K-나이트컬처,0.31,대만
202001,K-공연,0.2,대만
202002,K-라이프스타일푸드,22.89,대만
202002,K-쇼핑,42.81,대만
202002,K-한식,9.38,대만
202002,K-뷰티웰니스,12.01,대만
202002,K-패션,10.74,대만
202002,K-문화체험,1.19,대만
202002,K-스포츠,0.52,대만
202002,K-나이트컬처,0.31,대만
202002,K-공연,0.15,대만
202003,K-라이프스타일푸드,42.53,대만
202003,K-쇼핑,33.41,대만
202003,K-한식,12.41,대만
202003,K-뷰티웰니스,5.25,대만
202003,K-패션,4.49,대만
202003,K-문화체험,0.76,대만
202003,K-스포츠,0.45,대만
202003,K-나이트컬처,0.61,대만
202003,K-공연,0.09,대만
202004,K-라이프스타일푸드,42.74,대만
202004,K-쇼핑,33.75,대만
202004,K-한식,12.66,대만
202004,K-뷰티웰니스,4.53,대만
202004,K-패션,4.22,대만
202004,K-문화체험,0.54,대만
202004,K-스포츠,0.75,대만
202004,K-나이트컬처,0.81,대만
202005,K-라이프스타일푸드,43.52,대만
202005,K-쇼핑,32.3,대만
202005,K-한식,12.47,대만
202005,K-뷰티웰니스,5.18,대만
202005,K-패션,4.11,대만
202005,K-문화체험,0.78,대만
202005,K-스포츠,0.7,대만
202005,K-나이트컬처,0.81,대만
202005,K-공연,0.12,대만
202006,K-라이프스타일푸드,42.68,대만
202006,K-쇼핑,32.11,대만
202006,K-한식,13.62,대만
202006,K-뷰티웰니스,5.6,대만
202006,K-패션,3.85,대만
202006,K-문화체험,0.55,대만
202006,K-스포츠,0.55,대만
202006,K-나이트컬처,0.8,대만
202006,K-공연,0.25,대만
202007,K-라이프스타일푸드,41.93,대만
202007,K-쇼핑,32.45,대만
202007,K-한식,13.28,대만
202007,K-뷰티웰니스,5.58,대만
202007,K-패션,4.53,대만
202007,K-문화체험,0.54,대만
202007,K-스포츠,0.7,대만
202007,K-나이트컬처,0.84,대만
202007,K-공연,0.17,대만
202008,K-라이프스타일푸드,41.96,대만
202008,K-쇼핑,33.99,대만
202008,K-한식,12.4,대만
202008,K-뷰티웰니스,5.29,대만
202008,K-패션,4.31,대만
202008,K-문화체험,0.36,대만
202008,K-스포츠,0.53,대만
202008,K-나이트컬처,0.88,대만
202008,K-공연,0.28,대만
202009,K-라이프스타일푸드,43.05,대만
202009,K-쇼핑,31.2,대만
202009,K-한식,14.8,대만
202009,K-뷰티웰니스,5.01,대만
202009,K-패션,4.13,대만
202009,K-문화체험,0.43,대만
202009,K-스포츠,0.43,대만
202009,K-나이트컬처,0.74,대만
202009,K-공연,0.21,대만
202010,K-라이프스타일푸드,42.97,대만
202010,K-쇼핑,30.46,대만
202010,K-한식,15.1,대만
202010,K-뷰티웰니스,4.14,대만
202010,K-패션,5.12,대만
202010,K-문화체험,0.65,대만
202010,K-스포츠,0.53,대만
202010,K-나이트컬처,0.93,대만
202010,K-공연,0.11,대만
202011,K-라이프스타일푸드,43.57,대만
202011,K-쇼핑,30.9,대만
202011,K-한식,14.88,대만
202011,K-뷰티웰니스,4.24,대만
202011,K-패션,4.05,대만
202011,K-문화체험,0.86,대만
202011,K-스포츠,0.49,대만
202011,K-나이트컬처,0.93,대만
202011,K-공연,0.09,대만
202012,K-라이프스타일푸드,42.17,대만
202012,K-쇼핑,35.49,대만
202012,K-한식,13.26,대만
202012,K-뷰티웰니스,4.57,대만
202012,K-패션,3.36,대만
202012,K-문화체험,0.46,대만
202012,K-스포츠,0.17,대만
202012,K-나이트컬처,0.38,대만
202012,K-공연,0.14,대만
202101,K-라이프스타일푸드,43.8,대만
202101,K-쇼핑,34.03,대만
202101,K-한식,13.76,대만
202101,K-뷰티웰니스,4.17,대만
202101,K-패션,3.2,대만
202101,K-문화체험,0.38,대만
202101,K-스포츠,0.27,대만
202101,K-나이트컬처,0.33,대만
202101,K-공연,0.05,대만
202102,K-라이프스타일푸드,41.56,대만
202102,K-쇼핑,33.47,대만
202102,K-한식,13.95,대만
202102,K-뷰티웰니스,5.29,대만
202102,K-패션,3.84,대만
202102,K-문화체험,0.43,대만
202102,K-스포츠,0.47,대만
202102,K-나이트컬처,0.83,대만
202102,K-공연,0.15,대만
202103,K-라이프스타일푸드,42.46,대만
202103,K-쇼핑,32.55,대만
202103,K-한식,14.87,대만
202103,K-뷰티웰니스,4.96,대만
202103,K-패션,3.18,대만
202103,K-문화체험,0.55,대만
202103,K-스포츠,0.51,대만
202103,K-나이트컬처,0.74,대만
202103,K-공연,0.18,대만
202104,K-라이프스타일푸드,44.07,대만
202104,K-쇼핑,30.21,대만
202104,K-한식,15.37,대만
202104,K-뷰티웰니스,4.49,대만
202104,K-패션,3.64,대만
202104,K-문화체험,0.58,대만
202104,K-스포츠,0.65,대만
202104,K-나이트컬처,0.71,대만
202104,K-공연,0.28,대만
202105,K-라이프스타일푸드,45.04,대만
202105,K-쇼핑,29.32,대만
202105,K-한식,14.96,대만
202105,K-뷰티웰니스,4.37,대만
202105,K-패션,3.57,대만
202105,K-문화체험,0.84,대만
202105,K-스포츠,0.68,대만
202105,K-나이트컬처,0.92,대만
202105,K-공연,0.32,대만
202106,K-라이프스타일푸드,45.05,대만
202106,K-쇼핑,31.0,대만
202106,K-한식,13.37,대만
202106,K-뷰티웰니스,4.36,대만
202106,K-패션,3.78,대만
202106,K-문화체험,0.8,대만
202106,K-스포츠,0.58,대만
202106,K-나이트컬처,0.83,대만
202106,K-공연,0.23,대만
202107,K-라이프스타일푸드,46.45,대만
202107,K-쇼핑,30.59,대만
202107,K-한식,13.48,대만
202107,K-뷰티웰니스,4.15,대만
202107,K-패션,3.07,대만
202107,K-문화체험,0.81,대만
202107,K-스포츠,0.74,대만
202107,K-나이트컬처,0.56,대만
202107,K-공연,0.15,대만
202108,K-라이프스타일푸드,45.67,대만
202108,K-쇼핑,29.94,대만
202108,K-한식,13.85,대만
202108,K-뷰티웰니스,4.93,대만
202108,K-패션,3.39,대만
202108,K-문화체험,0.95,대만
202108,K-스포츠,0.63,대만
202108,K-나이트컬처,0.46,대만
202108,K-공연,0.18,대만
202109,K-라이프스타일푸드,45.71,대만
202109,K-쇼핑,27.92,대만
202109,K-한식,15.15,대만
202109,K-뷰티웰니스,5.14,대만
202109,K-패션,4.17,대만
202109,K-문화체험,0.59,대만
202109,K-스포츠,0.54,대만
202109,K-나이트컬처,0.49,대만
202109,K-공연,0.29,대만
202110,K-라이프스타일푸드,44.88,대만
202110,K-쇼핑,27.95,대만
202110,K-한식,15.94,대만
202110,K-뷰티웰니스,4.33,대만
202110,K-패션,4.5,대만
202110,K-문화체험,0.85,대만
202110,K-스포츠,0.58,대만
202110,K-나이트컬처,0.8,대만
202110,K-공연,0.18,대만
202111,K-라이프스타일푸드,45.84,대만
202111,K-쇼핑,27.38,대만
202111,K-한식,16.25,대만
202111,K-뷰티웰니스,4.19,대만
202111,K-패션,3.58,대만
202111,K-문화체험,0.95,대만
202111,K-스포츠,0.57,대만
202111,K-나이트컬처,1.03,대만
202111,K-공연,0.21,대만
202112,K-라이프스타일푸드,44.61,대만
202112,K-쇼핑,29.15,대만
202112,K-한식,14.92,대만
202112,K-뷰티웰니스,4.98,대만
202112,K-패션,3.82,대만
202112,K-문화체험,1.13,대만
202112,K-스포츠,0.38,대만
202112,K-나이트컬처,0.85,대만
202112,K-공연,0.17,대만
202201,K-라이프스타일푸드,45.21,대만
202201,K-쇼핑,29.06,대만
202201,K-한식,14.88,대만
202201,K-뷰티웰니스,4.89,대만
202201,K-패션,3.7,대만
202201,K-문화체험,0.8,대만
202201,K-스포츠,0.45,대만
202201,K-나이트컬처,0.78,대만
202201,K-공연,0.22,대만
202202,K-라이프스타일푸드,41.88,대만
202202,K-쇼핑,32.89,대만
202202,K-한식,13.83,대만
202202,K-뷰티웰니스,5.18,대만
202202,K-패션,3.76,대만
202202,K-문화체험,1.02,대만
202202,K-스포츠,0.58,대만
202202,K-나이트컬처,0.61,대만
202202,K-공연,0.25,대만
202203,K-라이프스타일푸드,44.57,대만
202203,K-쇼핑,28.46,대만
202203,K-한식,15.96,대만
202203,K-뷰티웰니스,4.98,대만
202203,K-패션,3.52,대만
202203,K-문화체험,0.84,대만
202203,K-스포츠,0.5,대만
202203,K-나이트컬처,0.85,대만
202203,K-공연,0.31,대만
202204,K-라이프스타일푸드,48.82,대만
202204,K-쇼핑,23.27,대만
202204,K-한식,16.31,대만
202204,K-뷰티웰니스,4.37,대만
202204,K-패션,3.82,대만
202204,K-문화체험,1.56,대만
202204,K-스포츠,0.41,대만
202204,K-나이트컬처,1.22,대만
202204,K-공연,0.21,대만
202205,K-라이프스타일푸드,48.66,대만
202205,K-쇼핑,23.58,대만
202205,K-한식,15.38,대만
202205,K-뷰티웰니스,4.21,대만
202205,K-패션,4.06,대만
202205,K-문화체험,1.78,대만
202205,K-스포츠,0.58,대만
202205,K-나이트컬처,1.35,대만
202205,K-공연,0.4,대만
202206,K-라이프스타일푸드,46.54,대만
202206,K-쇼핑,25.11,대만
202206,K-한식,16.0,대만
202206,K-뷰티웰니스,4.5,대만
202206,K-패션,3.87,대만
202206,K-문화체험,1.99,대만
202206,K-스포츠,0.43,대만
202206,K-나이트컬처,1.14,대만
202206,K-공연,0.43,대만
202207,K-라이프스타일푸드,43.71,대만
202207,K-쇼핑,27.11,대만
202207,K-한식,15.12,대만
202207,K-뷰티웰니스,4.63,대만
202207,K-패션,5.19,대만
202207,K-문화체험,2.08,대만
202207,K-스포츠,0.53,대만
202207,K-나이트컬처,1.22,대만
202207,K-공연,0.41,대만
202208,K-라이프스타일푸드,40.8,대만
202208,K-쇼핑,29.23,대만
202208,K-한식,14.98,대만
202208,K-뷰티웰니스,5.14,대만
202208,K-패션,6.01,대만
202208,K-문화체험,2.08,대만
202208,K-스포츠,0.39,대만
202208,K-나이트컬처,1.03,대만
202208,K-공연,0.34,대만
202209,K-라이프스타일푸드,41.48,대만
202209,K-쇼핑,27.58,대만
202209,K-한식,15.04,대만
202209,K-뷰티웰니스,5.1,대만
202209,K-패션,7.32,대만
202209,K-문화체험,1.95,대만
202209,K-스포츠,0.37,대만
202209,K-나이트컬처,0.93,대만
202209,K-공연,0.23,대만
202210,K-라이프스타일푸드,38.39,대만
202210,K-쇼핑,28.04,대만
202210,K-한식,14.93,대만
202210,K-뷰티웰니스,5.15,대만
202210,K-패션,9.82,대만
202210,K-문화체험,2.1,대만
202210,K-스포츠,0.32,대만
202210,K-나이트컬처,1.09,대만
202210,K-공연,0.16,대만
202211,K-라이프스타일푸드,34.6,대만
202211,K-쇼핑,28.77,대만
202211,K-한식,14.46,대만
202211,K-뷰티웰니스,6.08,대만
202211,K-패션,12.3,대만
202211,K-문화체험,2.44,대만
202211,K-스포츠,0.26,대만
202211,K-나이트컬처,0.9,대만
202211,K-공연,0.19,대만
202212,K-라이프스타일푸드,30.97,대만
202212,K-쇼핑,31.47,대만
202212,K-한식,13.48,대만
202212,K-뷰티웰니스,7.09,대만
202212,K-패션,13.47,대만
202212,K-문화체험,2.16,대만
202212,K-스포츠,0.34,대만
202212,K-나이트컬처,0.79,대만
202212,K-공연,0.22,대만
202301,K-라이프스타일푸드,29.11,대만
202301,K-쇼핑,33.72,대만
202301,K-한식,12.62,대만
202301,K-뷰티웰니스,7.42,대만
202301,K-패션,13.6,대만
202301,K-문화체험,2.17,대만
202301,K-스포츠,0.57,대만
202301,K-나이트컬처,0.55,대만
202301,K-공연,0.25,대만
202302,K-라이프스타일푸드,28.07,대만
202302,K-쇼핑,33.33,대만
202302,K-한식,11.68,대만
202302,K-뷰티웰니스,8.17,대만
202302,K-패션,15.07,대만
202302,K-문화체험,2.43,대만
202302,K-스포츠,0.5,대만
202302,K-나이트컬처,0.51,대만
202302,K-공연,0.23,대만
202303,K-라이프스타일푸드,30.02,대만
202303,K-쇼핑,32.29,대만
202303,K-한식,12.12,대만
202303,K-뷰티웰니스,8.25,대만
202303,K-패션,13.86,대만
202303,K-문화체험,2.44,대만
202303,K-스포츠,0.27,대만
202303,K-나이트컬처,0.54,대만
202303,K-공연,0.22,대만
202304,K-라이프스타일푸드,29.63,대만
202304,K-쇼핑,32.48,대만
202304,K-한식,12.44,대만
202304,K-뷰티웰니스,7.97,대만
202304,K-패션,13.97,대만
202304,K-문화체험,2.52,대만
202304,K-스포츠,0.32,대만
202304,K-나이트컬처,0.5,대만
202304,K-공연,0.18,대만
202305,K-라이프스타일푸드,31.09,대만
202305,K-쇼핑,32.32,대만
202305,K-한식,12.01,대만
202305,K-뷰티웰니스,7.72,대만
202305,K-패션,13.19,대만
202305,K-문화체험,2.55,대만
202305,K-스포츠,0.35,대만
202305,K-나이트컬처,0.55,대만
202305,K-공연,0.21,대만
202306,K-라이프스타일푸드,30.87,대만
202306,K-쇼핑,30.83,대만
202306,K-한식,12.07,대만
202306,K-뷰티웰니스,7.84,대만
202306,K-패션,14.14,대만
202306,K-문화체험,3.18,대만
202306,K-스포츠,0.33,대만
202306,K-나이트컬처,0.51,대만
202306,K-공연,0.23,대만
202307,K-라이프스타일푸드,31.18,대만
202307,K-쇼핑,32.57,대만
202307,K-한식,11.78,대만
202307,K-뷰티웰니스,7.11,대만
202307,K-패션,11.99,대만
202307,K-문화체험,4.26,대만
202307,K-스포츠,0.41,대만
202307,K-나이트컬처,0.45,대만
202307,K-공연,0.25,대만
202308,K-라이프스타일푸드,31.11,대만
202308,K-쇼핑,32.31,대만
202308,K-한식,11.63,대만
202308,K-뷰티웰니스,7.55,대만
202308,K-패션,12.06,대만
202308,K-문화체험,4.31,대만
202308,K-스포츠,0.38,대만
202308,K-나이트컬처,0.44,대만
202308,K-공연,0.21,대만
202309,K-라이프스타일푸드,31.53,대만
202309,K-쇼핑,31.46,대만
202309,K-한식,12.14,대만
202309,K-뷰티웰니스,7.96,대만
202309,K-패션,13.01,대만
202309,K-문화체험,2.83,대만
202309,K-스포츠,0.33,대만
202309,K-나이트컬처,0.54,대만
202309,K-공연,0.2,대만
202310,K-라이프스타일푸드,31.99,대만
202310,K-쇼핑,30.13,대만
202310,K-한식,12.8,대만
202310,K-뷰티웰니스,7.82,대만
202310,K-패션,13.06,대만
202310,K-문화체험,3.09,대만
202310,K-스포츠,0.38,대만
202310,K-나이트컬처,0.54,대만
202310,K-공연,0.19,대만
202311,K-라이프스타일푸드,31.47,대만
202311,K-쇼핑,31.33,대만
202311,K-한식,12.78,대만
202311,K-뷰티웰니스,7.8,대만
202311,K-패션,12.95,대만
202311,K-문화체험,2.63,대만
202311,K-스포츠,0.33,대만
202311,K-나이트컬처,0.53,대만
202311,K-공연,0.19,대만
202312,K-라이프스타일푸드,31.71,대만
202312,K-쇼핑,31.27,대만
202312,K-한식,12.27,대만
202312,K-뷰티웰니스,8.09,대만
202312,K-패션,12.74,대만
202312,K-문화체험,2.73,대만
202312,K-스포츠,0.49,대만
202312,K-나이트컬처,0.54,대만
202312,K-공연,0.16,대만
202401,K-라이프스타일푸드,32.7,대만
202401,K-쇼핑,31.14,대만
202401,K-한식,11.86,대만
202401,K-뷰티웰니스,8.33,대만
202401,K-패션,11.92,대만
202401,K-문화체험,2.79,대만
202401,K-스포츠,0.64,대만
202401,K-나이트컬처,0.43,대만
202401,K-공연,0.19,대만
202402,K-라이프스타일푸드,32.48,대만
202402,K-쇼핑,32.17,대만
202402,K-한식,12.04,대만
202402,K-뷰티웰니스,7.91,대만
202402,K-패션,11.12,대만
202402,K-문화체험,2.98,대만
202402,K-스포츠,0.65,대만
202402,K-나이트컬처,0.39,대만
202402,K-공연,0.25,대만
202403,K-라이프스타일푸드,32.45,대만
202403,K-쇼핑,31.48,대만
202403,K-한식,11.59,대만
202403,K-뷰티웰니스,8.82,대만
202403,K-패션,12.1,대만
202403,K-문화체험,2.53,대만
202403,K-스포츠,0.34,대만
202403,K-나이트컬처,0.42,대만
202403,K-공연,0.27,대만
202404,K-라이프스타일푸드,33.14,대만
202404,K-쇼핑,30.09,대만
202404,K-한식,11.8,대만
202404,K-뷰티웰니스,8.49,대만
202404,K-패션,12.43,대만
202404,K-문화체험,3.02,대만
202404,K-스포츠,0.35,대만
202404,K-나이트컬처,0.42,대만
202404,K-공연,0.26,대만
202405,K-라이프스타일푸드,33.57,대만
202405,K-쇼핑,29.36,대만
202405,K-한식,11.68,대만
202405,K-뷰티웰니스,8.22,대만
202405,K-패션,12.67,대만
202405,K-문화체험,3.37,대만
202405,K-스포츠,0.41,대만
202405,K-나이트컬처,0.44,대만
202405,K-공연,0.27,대만
202406,K-라이프스타일푸드,33.8,대만
202406,K-쇼핑,28.62,대만
202406,K-한식,11.59,대만
202406,K-뷰티웰니스,8.49,대만
202406,K-패션,12.91,대만
202406,K-문화체험,3.41,대만
202406,K-스포츠,0.43,대만
202406,K-나이트컬처,0.46,대만
202406,K-공연,0.29,대만
202407,K-라이프스타일푸드,34.76,대만
202407,K-쇼핑,29.48,대만
202407,K-한식,11.5,대만
202407,K-뷰티웰니스,7.8,대만
202407,K-패션,11.07,대만
202407,K-문화체험,4.18,대만
202407,K-스포츠,0.48,대만
202407,K-나이트컬처,0.38,대만
202407,K-공연,0.36,대만
202408,K-라이프스타일푸드,35.38,대만
202408,K-쇼핑,28.96,대만
202408,K-한식,11.45,대만
202408,K-뷰티웰니스,8.12,대만
202408,K-패션,10.87,대만
202408,K-문화체험,3.89,대만
202408,K-스포츠,0.5,대만
202408,K-나이트컬처,0.42,대만
202408,K-공연,0.41,대만
202409,K-라이프스타일푸드,35.19,대만
202409,K-쇼핑,28.27,대만
202409,K-한식,11.45,대만
202409,K-뷰티웰니스,9.29,대만
202409,K-패션,11.66,대만
202409,K-문화체험,2.95,대만
202409,K-스포츠,0.41,대만
202409,K-나이트컬처,0.47,대만
202409,K-공연,0.32,대만
202410,K-라이프스타일푸드,35.06,대만
202410,K-쇼핑,28.63,대만
202410,K-한식,11.84,대만
202410,K-뷰티웰니스,9.23,대만
202410,K-패션,11.2,대만
202410,K-문화체험,2.85,대만
202410,K-스포츠,0.43,대만
202410,K-나이트컬처,0.45,대만
202410,K-공연,0.29,대만
202411,K-라이프스타일푸드,34.43,대만
202411,K-쇼핑,29.09,대만
202411,K-한식,11.99,대만
202411,K-뷰티웰니스,9.42,대만
202411,K-패션,11.37,대만
202411,K-문화체험,2.61,대만
202411,K-스포츠,0.39,대만
202411,K-나이트컬처,0.49,대만
202411,K-공연,0.22,대만
202412,K-라이프스타일푸드,32.91,대만
202412,K-쇼핑,29.62,대만
202412,K-한식,12.0,대만
202412,K-뷰티웰니스,9.67,대만
202412,K-패션,11.7,대만
202412,K-문화체험,2.85,대만
202412,K-스포츠,0.57,대만
202412,K-나이트컬처,0.45,대만
202412,K-공연,0.23,대만
202501,K-라이프스타일푸드,33.89,대만
202501,K-쇼핑,29.59,대만
202501,K-한식,12.32,대만
202501,K-뷰티웰니스,8.88,대만
202501,K-패션,10.68,대만
202501,K-문화체험,3.21,대만
202501,K-스포츠,0.82,대만
202501,K-나이트컬처,0.39,대만
202501,K-공연,0.22,대만
202502,K-라이프스타일푸드,33.15,대만
202502,K-쇼핑,29.96,대만
202502,K-한식,11.64,대만
202502,K-뷰티웰니스,9.45,대만
202502,K-패션,11.22,대만
202502,K-문화체험,3.19,대만
202502,K-스포츠,0.82,대만
202502,K-나이트컬처,0.37,대만
202502,K-공연,0.18,대만
202503,K-라이프스타일푸드,33.79,대만
202503,K-쇼핑,29.2,대만
202503,K-한식,11.7,대만
202503,K-뷰티웰니스,10.1,대만
202503,K-패션,11.32,대만
202503,K-문화체험,2.92,대만
202503,K-스포츠,0.39,대만
202503,K-나이트컬처,0.43,대만
202503,K-공연,0.17,대만
202504,K-라이프스타일푸드,34.32,대만
202504,K-쇼핑,28.85,대만
202504,K-한식,12.25,대만
202504,K-뷰티웰니스,9.64,대만
202504,K-패션,10.64,대만
202504,K-문화체험,3.28,대만
202504,K-스포츠,0.44,대만
202504,K-나이트컬처,0.41,대만
202504,K-공연,0.16,대만
202505,K-라이프스타일푸드,33.8,대만
202505,K-쇼핑,28.63,대만
202505,K-한식,11.42,대만
202505,K-뷰티웰니스,10.13,대만
202505,K-패션,11.55,대만
202505,K-문화체험,3.49,대만
202505,K-스포츠,0.4,대만
202505,K-나이트컬처,0.41,대만
202505,K-공연,0.16,대만
202506,K-라이프스타일푸드,34.91,대만
202506,K-쇼핑,27.69,대만
202506,K-한식,11.16,대만
202506,K-뷰티웰니스,10.25,대만
202506,K-패션,11.31,대만
202506,K-문화체험,3.69,대만
202506,K-스포츠,0.42,대만
202506,K-나이트컬처,0.42,대만
202506,K-공연,0.16,대만
202507,K-라이프스타일푸드,35.65,대만
202507,K-쇼핑,28.32,대만
202507,K-한식,11.31,대만
202507,K-뷰티웰니스,9.12,대만
202507,K-패션,10.11,대만
202507,K-문화체험,4.44,대만
202507,K-스포츠,0.5,대만
202507,K-나이트컬처,0.35,대만
202507,K-공연,0.19,대만
202508,K-라이프스타일푸드,34.86,대만
202508,K-쇼핑,29.06,대만
202508,K-한식,11.23,대만
202508,K-뷰티웰니스,9.61,대만
202508,K-패션,10.19,대만
202508,K-문화체험,4.04,대만
202508,K-스포츠,0.47,대만
202508,K-나이트컬처,0.36,대만
202508,K-공연,0.18,대만
202509,K-라이프스타일푸드,34.99,대만
202509,K-쇼핑,27.39,대만
202509,K-한식,11.4,대만
202509,K-뷰티웰니스,11.67,대만
202509,K-패션,10.66,대만
202509,K-문화체험,2.88,대만
202509,K-스포츠,0.45,대만
202509,K-나이트컬처,0.39,대만
202509,K-공연,0.17,대만
202510,K-라이프스타일푸드,35.02,대만
202510,K-쇼핑,26.83,대만
202510,K-한식,12.27,대만
202510,K-뷰티웰니스,10.94,대만
202510,K-패션,10.57,대만
202510,K-문화체험,3.35,대만
202510,K-스포츠,0.46,대만
202510,K-나이트컬처,0.39,대만
202510,K-공연,0.18,대만
202511,K-라이프스타일푸드,34.97,대만
202511,K-쇼핑,25.9,대만
202511,K-한식,12.34,대만
202511,K-뷰티웰니스,12.22,대만
202511,K-패션,10.85,대만
202511,K-문화체험,2.67,대만
202511,K-스포츠,0.44,대만
202511,K-나이트컬처,0.42,대만
202511,K-공연,0.18,대만
202512,K-라이프스타일푸드,33.66,대만
202512,K-쇼핑,27.19,대만
202512,K-한식,12.02,대만
202512,K-뷰티웰니스,12.4,대만
202512,K-패션,10.85,대만
202512,K-문화체험,2.81,대만
202512,K-스포츠,0.52,대만
202512,K-나이트컬처,0.38,대만
202512,K-공연,0.16,대만
202601,K-라이프스타일푸드,34.9,대만
202601,K-쇼핑,27.57,대만
202601,K-한식,12.11,대만
202601,K-뷰티웰니스,10.53,대만
202601,K-패션,10.47,대만
202601,K-문화체험,3.11,대만
202601,K-스포츠,0.8,대만
202601,K-나이트컬처,0.34,대만
202601,K-공연,0.18,대만
202602,K-라이프스타일푸드,35.2,대만
202602,K-쇼핑,27.89,대만
202602,K-한식,12.74,대만
202602,K-뷰티웰니스,9.32,대만
202602,K-패션,9.76,대만
202602,K-문화체험,3.51,대만
202602,K-스포츠,1.02,대만
202602,K-나이트컬처,0.33,대만
202602,K-공연,0.24,대만
202603,K-라이프스타일푸드,35.6,대만
202603,K-쇼핑,26.7,대만
202603,K-한식,11.84,대만
202603,K-뷰티웰니스,11.32,대만
202603,K-패션,10.2,대만
202603,K-문화체험,3.46,대만
202603,K-스포츠,0.36,대만
202603,K-나이트컬처,0.35,대만
202603,K-공연,0.18,대만
202604,K-라이프스타일푸드,36.92,대만
202604,K-쇼핑,25.49,대만
202604,K-한식,12.42,대만
202604,K-뷰티웰니스,10.87,대만
202604,K-패션,9.66,대만
202604,K-문화체험,3.6,대만
202604,K-스포츠,0.49,대만
202604,K-나이트컬처,0.35,대만
202604,K-공연,0.19,대만
201801,K-라이프스타일푸드,18.35,홍콩
201801,K-쇼핑,49.14,홍콩
201801,K-한식,11.05,홍콩
201801,K-패션,8.64,홍콩
201801,K-뷰티웰니스,10.72,홍콩
201801,K-문화체험,0.44,홍콩
201801,K-나이트컬처,0.83,홍콩
201801,K-스포츠,0.55,홍콩
201801,K-공연,0.29,홍콩
201802,K-라이프스타일푸드,19.34,홍콩
201802,K-쇼핑,48.42,홍콩
201802,K-한식,11.03,홍콩
201802,K-패션,7.57,홍콩
201802,K-뷰티웰니스,10.39,홍콩
201802,K-문화체험,0.83,홍콩
201802,K-나이트컬처,0.9,홍콩
201802,K-스포츠,1.23,홍콩
201802,K-공연,0.29,홍콩
201803,K-라이프스타일푸드,18.56,홍콩
201803,K-쇼핑,48.51,홍콩
201803,K-한식,10.94,홍콩
201803,K-패션,9.26,홍콩
201803,K-뷰티웰니스,10.23,홍콩
201803,K-문화체험,0.7,홍콩
201803,K-나이트컬처,0.97,홍콩
201803,K-스포츠,0.56,홍콩
201803,K-공연,0.27,홍콩
201804,K-라이프스타일푸드,17.85,홍콩
201804,K-쇼핑,46.58,홍콩
201804,K-한식,11.33,홍콩
201804,K-패션,10.36,홍콩
201804,K-뷰티웰니스,10.94,홍콩
201804,K-문화체험,0.95,홍콩
201804,K-나이트컬처,0.99,홍콩
201804,K-스포츠,0.71,홍콩
201804,K-공연,0.29,홍콩
201805,K-라이프스타일푸드,18.54,홍콩
201805,K-쇼핑,45.91,홍콩
201805,K-한식,11.51,홍콩
201805,K-패션,10.39,홍콩
201805,K-뷰티웰니스,10.83,홍콩
201805,K-문화체험,0.57,홍콩
201805,K-나이트컬처,1.11,홍콩
201805,K-스포츠,0.8,홍콩
201805,K-공연,0.35,홍콩
201806,K-라이프스타일푸드,19.42,홍콩
201806,K-쇼핑,44.75,홍콩
201806,K-한식,11.72,홍콩
201806,K-패션,10.64,홍콩
201806,K-뷰티웰니스,10.39,홍콩
201806,K-문화체험,0.69,홍콩
201806,K-나이트컬처,1.23,홍콩
201806,K-스포츠,0.82,홍콩
201806,K-공연,0.35,홍콩
201807,K-라이프스타일푸드,20.54,홍콩
201807,K-쇼핑,45.74,홍콩
201807,K-한식,12.34,홍콩
201807,K-패션,8.54,홍콩
201807,K-뷰티웰니스,8.95,홍콩
201807,K-문화체험,1.42,홍콩
201807,K-나이트컬처,1.03,홍콩
201807,K-스포츠,0.95,홍콩
201807,K-공연,0.49,홍콩
201808,K-라이프스타일푸드,21.04,홍콩
201808,K-쇼핑,45.23,홍콩
201808,K-한식,12.63,홍콩
201808,K-패션,8.21,홍콩
201808,K-뷰티웰니스,8.83,홍콩
201808,K-문화체험,1.59,홍콩
201808,K-나이트컬처,1.04,홍콩
201808,K-스포츠,0.92,홍콩
201808,K-공연,0.52,홍콩
201809,K-라이프스타일푸드,20.66,홍콩
201809,K-쇼핑,44.52,홍콩
201809,K-한식,12.93,홍콩
201809,K-패션,9.77,홍콩
201809,K-뷰티웰니스,9.13,홍콩
201809,K-문화체험,0.56,홍콩
201809,K-나이트컬처,1.32,홍콩
201809,K-스포츠,0.79,홍콩
201809,K-공연,0.32,홍콩
201810,K-라이프스타일푸드,19.96,홍콩
201810,K-쇼핑,45.14,홍콩
201810,K-한식,12.65,홍콩
201810,K-패션,9.89,홍콩
201810,K-뷰티웰니스,9.42,홍콩
201810,K-문화체험,0.63,홍콩
201810,K-나이트컬처,1.05,홍콩
201810,K-스포츠,0.98,홍콩
201810,K-공연,0.3,홍콩
201811,K-라이프스타일푸드,19.93,홍콩
201811,K-쇼핑,43.99,홍콩
201811,K-한식,13.07,홍콩
201811,K-패션,10.16,홍콩
201811,K-뷰티웰니스,10.25,홍콩
201811,K-문화체험,0.46,홍콩
201811,K-나이트컬처,1.16,홍콩
201811,K-스포츠,0.73,홍콩
201811,K-공연,0.24,홍콩
201812,K-라이프스타일푸드,20.84,홍콩
201812,K-쇼핑,43.45,홍콩
201812,K-한식,13.66,홍콩
201812,K-패션,9.28,홍콩
201812,K-뷰티웰니스,8.38,홍콩
201812,K-문화체험,0.98,홍콩
201812,K-나이트컬처,1.09,홍콩
201812,K-스포츠,1.89,홍콩
201812,K-공연,0.43,홍콩
201901,K-라이프스타일푸드,22.83,홍콩
201901,K-쇼핑,42.04,홍콩
201901,K-한식,13.97,홍콩
201901,K-패션,9.28,홍콩
201901,K-뷰티웰니스,8.62,홍콩
201901,K-문화체험,0.51,홍콩
201901,K-나이트컬처,1.11,홍콩
201901,K-스포츠,1.29,홍콩
201901,K-공연,0.35,홍콩
201902,K-라이프스타일푸드,22.1,홍콩
201902,K-쇼핑,42.12,홍콩
201902,K-한식,13.78,홍콩
201902,K-패션,7.88,홍콩
201902,K-뷰티웰니스,8.62,홍콩
201902,K-문화체험,1.11,홍콩
201902,K-나이트컬처,1.03,홍콩
201902,K-스포츠,2.73,홍콩
201902,K-공연,0.63,홍콩
201903,K-라이프스타일푸드,23.02,홍콩
201903,K-쇼핑,41.81,홍콩
201903,K-한식,13.37,홍콩
201903,K-패션,9.45,홍콩
201903,K-뷰티웰니스,9.27,홍콩
201903,K-문화체험,0.53,홍콩
201903,K-나이트컬처,1.24,홍콩
201903,K-스포츠,0.67,홍콩
201903,K-공연,0.63,홍콩
201904,K-라이프스타일푸드,21.43,홍콩
201904,K-쇼핑,41.92,홍콩
201904,K-한식,13.61,홍콩
201904,K-패션,10.48,홍콩
201904,K-뷰티웰니스,8.77,홍콩
201904,K-문화체험,1.35,홍콩
201904,K-나이트컬처,1.0,홍콩
201904,K-스포츠,0.85,홍콩
201904,K-공연,0.58,홍콩
201905,K-라이프스타일푸드,21.96,홍콩
201905,K-쇼핑,41.14,홍콩
201905,K-한식,13.77,홍콩
201905,K-패션,10.94,홍콩
201905,K-뷰티웰니스,8.88,홍콩
201905,K-문화체험,0.74,홍콩
201905,K-나이트컬처,1.2,홍콩
201905,K-스포츠,0.94,홍콩
201905,K-공연,0.43,홍콩
201906,K-라이프스타일푸드,22.31,홍콩
201906,K-쇼핑,40.54,홍콩
201906,K-한식,13.94,홍콩
201906,K-패션,11.04,홍콩
201906,K-뷰티웰니스,8.42,홍콩
201906,K-문화체험,0.8,홍콩
201906,K-나이트컬처,1.49,홍콩
201906,K-스포츠,0.95,홍콩
201906,K-공연,0.51,홍콩
201907,K-라이프스타일푸드,23.59,홍콩
201907,K-쇼핑,40.27,홍콩
201907,K-한식,14.02,홍콩
201907,K-패션,9.36,홍콩
201907,K-뷰티웰니스,8.19,홍콩
201907,K-문화체험,1.6,홍콩
201907,K-나이트컬처,1.14,홍콩
201907,K-스포츠,1.12,홍콩
201907,K-공연,0.7,홍콩
201908,K-라이프스타일푸드,24.02,홍콩
201908,K-쇼핑,40.33,홍콩
201908,K-한식,14.65,홍콩
201908,K-패션,8.53,홍콩
201908,K-뷰티웰니스,7.98,홍콩
201908,K-문화체험,1.73,홍콩
201908,K-나이트컬처,1.08,홍콩
201908,K-스포츠,1.18,홍콩
201908,K-공연,0.51,홍콩
201909,K-라이프스타일푸드,23.92,홍콩
201909,K-쇼핑,40.85,홍콩
201909,K-한식,14.59,홍콩
201909,K-패션,9.26,홍콩
201909,K-뷰티웰니스,8.13,홍콩
201909,K-문화체험,0.73,홍콩
201909,K-나이트컬처,1.38,홍콩
201909,K-스포츠,0.86,홍콩
201909,K-공연,0.28,홍콩
201910,K-라이프스타일푸드,24.18,홍콩
201910,K-쇼핑,38.7,홍콩
201910,K-한식,15.43,홍콩
201910,K-패션,9.64,홍콩
201910,K-뷰티웰니스,8.5,홍콩
201910,K-문화체험,0.8,홍콩
201910,K-나이트컬처,1.3,홍콩
201910,K-스포츠,0.92,홍콩
201910,K-공연,0.54,홍콩
201911,K-라이프스타일푸드,23.2,홍콩
201911,K-쇼핑,40.24,홍콩
201911,K-한식,14.82,홍콩
201911,K-패션,9.72,홍콩
201911,K-뷰티웰니스,9.08,홍콩
201911,K-문화체험,0.55,홍콩
201911,K-나이트컬처,1.27,홍콩
201911,K-스포츠,0.72,홍콩
201911,K-공연,0.39,홍콩
201912,K-라이프스타일푸드,24.12,홍콩
201912,K-쇼핑,38.39,홍콩
201912,K-한식,15.47,홍콩
201912,K-패션,9.3,홍콩
201912,K-뷰티웰니스,8.25,홍콩
201912,K-문화체험,1.11,홍콩
201912,K-나이트컬처,1.07,홍콩
201912,K-스포츠,1.85,홍콩
201912,K-공연,0.45,홍콩
202001,K-라이프스타일푸드,23.96,홍콩
202001,K-쇼핑,37.49,홍콩
202001,K-한식,14.86,홍콩
202001,K-패션,8.36,홍콩
202001,K-뷰티웰니스,10.82,홍콩
202001,K-문화체험,1.01,홍콩
202001,K-나이트컬처,1.0,홍콩
202001,K-스포츠,2.11,홍콩
202001,K-공연,0.39,홍콩
202002,K-라이프스타일푸드,27.67,홍콩
202002,K-쇼핑,36.5,홍콩
202002,K-한식,14.21,홍콩
202002,K-패션,6.14,홍콩
202002,K-뷰티웰니스,12.1,홍콩
202002,K-문화체험,0.6,홍콩
202002,K-나이트컬처,1.13,홍콩
202002,K-스포츠,1.41,홍콩
202002,K-공연,0.24,홍콩
202003,K-라이프스타일푸드,36.56,홍콩
202003,K-쇼핑,31.91,홍콩
202003,K-한식,16.68,홍콩
202003,K-패션,2.08,홍콩
202003,K-뷰티웰니스,6.48,홍콩
202003,K-문화체험,0.64,홍콩
202003,K-나이트컬처,1.8,홍콩
202003,K-스포츠,3.41,홍콩
202003,K-공연,0.43,홍콩
202004,K-라이프스타일푸드,36.05,홍콩
202004,K-쇼핑,31.73,홍콩
202004,K-한식,16.73,홍콩
202004,K-패션,2.33,홍콩
202004,K-뷰티웰니스,6.05,홍콩
202004,K-문화체험,0.94,홍콩
202004,K-나이트컬처,1.99,홍콩
202004,K-스포츠,3.58,홍콩
202004,K-공연,0.61,홍콩
202005,K-라이프스타일푸드,35.05,홍콩
202005,K-쇼핑,32.3,홍콩
202005,K-한식,17.03,홍콩
202005,K-패션,2.6,홍콩
202005,K-뷰티웰니스,6.34,홍콩
202005,K-문화체험,0.52,홍콩
202005,K-나이트컬처,1.83,홍콩
202005,K-스포츠,3.96,홍콩
202005,K-공연,0.38,홍콩
202006,K-라이프스타일푸드,35.78,홍콩
202006,K-쇼핑,29.1,홍콩
202006,K-한식,17.86,홍콩
202006,K-패션,2.55,홍콩
202006,K-뷰티웰니스,6.89,홍콩
202006,K-문화체험,0.68,홍콩
202006,K-나이트컬처,2.05,홍콩
202006,K-스포츠,4.34,홍콩
202006,K-공연,0.75,홍콩
202007,K-라이프스타일푸드,36.53,홍콩
202007,K-쇼핑,28.29,홍콩
202007,K-한식,19.3,홍콩
202007,K-패션,2.15,홍콩
202007,K-뷰티웰니스,6.07,홍콩
202007,K-문화체험,0.96,홍콩
202007,K-나이트컬처,2.19,홍콩
202007,K-스포츠,4.07,홍콩
202007,K-공연,0.45,홍콩
202008,K-라이프스타일푸드,35.6,홍콩
202008,K-쇼핑,30.92,홍콩
202008,K-한식,17.93,홍콩
202008,K-패션,2.03,홍콩
202008,K-뷰티웰니스,6.31,홍콩
202008,K-문화체험,0.54,홍콩
202008,K-나이트컬처,2.28,홍콩
202008,K-스포츠,3.91,홍콩
202008,K-공연,0.49,홍콩
202009,K-라이프스타일푸드,35.42,홍콩
202009,K-쇼핑,32.17,홍콩
202009,K-한식,16.64,홍콩
202009,K-패션,2.47,홍콩
202009,K-뷰티웰니스,6.43,홍콩
202009,K-문화체험,0.46,홍콩
202009,K-나이트컬처,1.67,홍콩
202009,K-스포츠,4.29,홍콩
202009,K-공연,0.43,홍콩
202010,K-라이프스타일푸드,35.76,홍콩
202010,K-쇼핑,28.66,홍콩
202010,K-한식,18.57,홍콩
202010,K-패션,2.8,홍콩
202010,K-뷰티웰니스,5.75,홍콩
202010,K-문화체험,1.48,홍콩
202010,K-나이트컬처,2.12,홍콩
202010,K-스포츠,4.44,홍콩
202010,K-공연,0.42,홍콩
202011,K-라이프스타일푸드,36.91,홍콩
202011,K-쇼핑,28.28,홍콩
202011,K-한식,19.58,홍콩
202011,K-패션,2.65,홍콩
202011,K-뷰티웰니스,5.51,홍콩
202011,K-문화체험,0.78,홍콩
202011,K-나이트컬처,2.07,홍콩
202011,K-스포츠,3.92,홍콩
202011,K-공연,0.31,홍콩
202012,K-라이프스타일푸드,36.35,홍콩
202012,K-쇼핑,35.28,홍콩
202012,K-한식,16.5,홍콩
202012,K-패션,2.51,홍콩
202012,K-뷰티웰니스,6.34,홍콩
202012,K-문화체험,0.3,홍콩
202012,K-나이트컬처,0.87,홍콩
202012,K-스포츠,1.71,홍콩
202012,K-공연,0.15,홍콩
202101,K-라이프스타일푸드,36.46,홍콩
202101,K-쇼핑,33.96,홍콩
202101,K-한식,17.41,홍콩
202101,K-패션,2.13,홍콩
202101,K-뷰티웰니스,6.09,홍콩
202101,K-문화체험,0.46,홍콩
202101,K-나이트컬처,1.45,홍콩
202101,K-스포츠,1.73,홍콩
202101,K-공연,0.31,홍콩
202102,K-라이프스타일푸드,35.81,홍콩
202102,K-쇼핑,32.52,홍콩
202102,K-한식,17.84,홍콩
202102,K-패션,2.34,홍콩
202102,K-뷰티웰니스,5.56,홍콩
202102,K-문화체험,0.61,홍콩
202102,K-나이트컬처,1.52,홍콩
202102,K-스포츠,3.34,홍콩
202102,K-공연,0.47,홍콩
202103,K-라이프스타일푸드,35.73,홍콩
202103,K-쇼핑,31.03,홍콩
202103,K-한식,18.14,홍콩
202103,K-패션,2.35,홍콩
202103,K-뷰티웰니스,6.12,홍콩
202103,K-문화체험,0.5,홍콩
202103,K-나이트컬처,1.6,홍콩
202103,K-스포츠,4.35,홍콩
202103,K-공연,0.19,홍콩
202104,K-라이프스타일푸드,36.07,홍콩
202104,K-쇼핑,29.93,홍콩
202104,K-한식,18.28,홍콩
202104,K-패션,2.44,홍콩
202104,K-뷰티웰니스,5.89,홍콩
202104,K-문화체험,0.77,홍콩
202104,K-나이트컬처,1.35,홍콩
202104,K-스포츠,5.03,홍콩
202104,K-공연,0.24,홍콩
202105,K-라이프스타일푸드,35.9,홍콩
202105,K-쇼핑,30.06,홍콩
202105,K-한식,18.82,홍콩
202105,K-패션,2.68,홍콩
202105,K-뷰티웰니스,5.18,홍콩
202105,K-문화체험,0.8,홍콩
202105,K-나이트컬처,1.25,홍콩
202105,K-스포츠,4.93,홍콩
202105,K-공연,0.38,홍콩
202106,K-라이프스타일푸드,36.44,홍콩
202106,K-쇼핑,30.63,홍콩
202106,K-한식,17.8,홍콩
202106,K-패션,2.38,홍콩
202106,K-뷰티웰니스,5.62,홍콩
202106,K-문화체험,0.56,홍콩
202106,K-나이트컬처,1.33,홍콩
202106,K-스포츠,4.78,홍콩
202106,K-공연,0.45,홍콩
202107,K-라이프스타일푸드,36.82,홍콩
202107,K-쇼핑,30.18,홍콩
202107,K-한식,17.34,홍콩
202107,K-패션,2.37,홍콩
202107,K-뷰티웰니스,6.41,홍콩
202107,K-문화체험,0.75,홍콩
202107,K-나이트컬처,1.06,홍콩
202107,K-스포츠,4.46,홍콩
202107,K-공연,0.61,홍콩
202108,K-라이프스타일푸드,37.85,홍콩
202108,K-쇼핑,28.24,홍콩
202108,K-한식,18.51,홍콩
202108,K-패션,2.62,홍콩
202108,K-뷰티웰니스,5.96,홍콩
202108,K-문화체험,0.82,홍콩
202108,K-나이트컬처,1.26,홍콩
202108,K-스포츠,4.26,홍콩
202108,K-공연,0.48,홍콩
202109,K-라이프스타일푸드,38.51,홍콩
202109,K-쇼핑,29.32,홍콩
202109,K-한식,16.92,홍콩
202109,K-패션,2.44,홍콩
202109,K-뷰티웰니스,6.07,홍콩
202109,K-문화체험,0.5,홍콩
202109,K-나이트컬처,1.23,홍콩
202109,K-스포츠,4.37,홍콩
202109,K-공연,0.65,홍콩
202110,K-라이프스타일푸드,38.27,홍콩
202110,K-쇼핑,28.03,홍콩
202110,K-한식,18.3,홍콩
202110,K-패션,2.83,홍콩
202110,K-뷰티웰니스,5.53,홍콩
202110,K-문화체험,0.6,홍콩
202110,K-나이트컬처,1.27,홍콩
202110,K-스포츠,4.3,홍콩
202110,K-공연,0.87,홍콩
202111,K-라이프스타일푸드,38.65,홍콩
202111,K-쇼핑,28.01,홍콩
202111,K-한식,18.08,홍콩
202111,K-패션,2.5,홍콩
202111,K-뷰티웰니스,5.76,홍콩
202111,K-문화체험,0.67,홍콩
202111,K-나이트컬처,2.16,홍콩
202111,K-스포츠,3.12,홍콩
202111,K-공연,1.06,홍콩
202112,K-라이프스타일푸드,37.68,홍콩
202112,K-쇼핑,31.39,홍콩
202112,K-한식,16.77,홍콩
202112,K-패션,2.46,홍콩
202112,K-뷰티웰니스,6.25,홍콩
202112,K-문화체험,0.67,홍콩
202112,K-나이트컬처,1.75,홍콩
202112,K-스포츠,1.73,홍콩
202112,K-공연,1.31,홍콩
202201,K-라이프스타일푸드,39.67,홍콩
202201,K-쇼핑,30.87,홍콩
202201,K-한식,17.33,홍콩
202201,K-패션,2.12,홍콩
202201,K-뷰티웰니스,5.89,홍콩
202201,K-문화체험,0.69,홍콩
202201,K-나이트컬처,1.11,홍콩
202201,K-스포츠,1.5,홍콩
202201,K-공연,0.82,홍콩
202202,K-라이프스타일푸드,39.99,홍콩
202202,K-쇼핑,28.85,홍콩
202202,K-한식,17.97,홍콩
202202,K-패션,1.99,홍콩
202202,K-뷰티웰니스,6.79,홍콩
202202,K-문화체험,0.45,홍콩
202202,K-나이트컬처,1.24,홍콩
202202,K-스포츠,2.27,홍콩
202202,K-공연,0.45,홍콩
202203,K-라이프스타일푸드,39.25,홍콩
202203,K-쇼핑,27.81,홍콩
202203,K-한식,18.24,홍콩
202203,K-패션,2.2,홍콩
202203,K-뷰티웰니스,6.5,홍콩
202203,K-문화체험,0.68,홍콩
202203,K-나이트컬처,1.48,홍콩
202203,K-스포츠,3.17,홍콩
202203,K-공연,0.67,홍콩
202204,K-라이프스타일푸드,40.86,홍콩
202204,K-쇼핑,25.48,홍콩
202204,K-한식,18.26,홍콩
202204,K-패션,2.44,홍콩
202204,K-뷰티웰니스,5.87,홍콩
202204,K-문화체험,0.92,홍콩
202204,K-나이트컬처,2.22,홍콩
202204,K-스포츠,3.16,홍콩
202204,K-공연,0.79,홍콩
202205,K-라이프스타일푸드,40.38,홍콩
202205,K-쇼핑,25.09,홍콩
202205,K-한식,18.34,홍콩
202205,K-패션,2.93,홍콩
202205,K-뷰티웰니스,5.77,홍콩
202205,K-문화체험,0.96,홍콩
202205,K-나이트컬처,2.47,홍콩
202205,K-스포츠,2.92,홍콩
202205,K-공연,1.13,홍콩
202206,K-라이프스타일푸드,39.93,홍콩
202206,K-쇼핑,26.08,홍콩
202206,K-한식,18.38,홍콩
202206,K-패션,2.99,홍콩
202206,K-뷰티웰니스,5.81,홍콩
202206,K-문화체험,1.09,홍콩
202206,K-나이트컬처,2.04,홍콩
202206,K-스포츠,2.5,홍콩
202206,K-공연,1.18,홍콩
202207,K-라이프스타일푸드,38.03,홍콩
202207,K-쇼핑,26.44,홍콩
202207,K-한식,17.91,홍콩
202207,K-패션,3.87,홍콩
202207,K-뷰티웰니스,6.37,홍콩
202207,K-문화체험,1.81,홍콩
202207,K-나이트컬처,2.06,홍콩
202207,K-스포츠,2.36,홍콩
202207,K-공연,1.15,홍콩
202208,K-라이프스타일푸드,38.5,홍콩
202208,K-쇼핑,26.49,홍콩
202208,K-한식,18.19,홍콩
202208,K-패션,4.54,홍콩
202208,K-뷰티웰니스,6.43,홍콩
202208,K-문화체험,1.38,홍콩
202208,K-나이트컬처,1.84,홍콩
202208,K-스포츠,1.96,홍콩
202208,K-공연,0.67,홍콩
202209,K-라이프스타일푸드,37.8,홍콩
202209,K-쇼핑,26.36,홍콩
202209,K-한식,18.66,홍콩
202209,K-패션,5.07,홍콩
202209,K-뷰티웰니스,5.94,홍콩
202209,K-문화체험,1.59,홍콩
202209,K-나이트컬처,1.92,홍콩
202209,K-스포츠,1.88,홍콩
202209,K-공연,0.78,홍콩
202210,K-라이프스타일푸드,33.41,홍콩
202210,K-쇼핑,28.04,홍콩
202210,K-한식,17.65,홍콩
202210,K-패션,8.85,홍콩
202210,K-뷰티웰니스,6.41,홍콩
202210,K-문화체험,1.92,홍콩
202210,K-나이트컬처,1.72,홍콩
202210,K-스포츠,1.45,홍콩
202210,K-공연,0.54,홍콩
202211,K-라이프스타일푸드,31.1,홍콩
202211,K-쇼핑,29.26,홍콩
202211,K-한식,17.33,홍콩
202211,K-패션,9.79,홍콩
202211,K-뷰티웰니스,7.42,홍콩
202211,K-문화체험,1.89,홍콩
202211,K-나이트컬처,1.7,홍콩
202211,K-스포츠,1.09,홍콩
202211,K-공연,0.43,홍콩
202212,K-라이프스타일푸드,29.48,홍콩
202212,K-쇼핑,30.86,홍콩
202212,K-한식,16.73,홍콩
202212,K-패션,10.27,홍콩
202212,K-뷰티웰니스,7.29,홍콩
202212,K-문화체험,2.44,홍콩
202212,K-나이트컬처,1.26,홍콩
202212,K-스포츠,1.28,홍콩
202212,K-공연,0.39,홍콩
202301,K-라이프스타일푸드,30.53,홍콩
202301,K-쇼핑,30.37,홍콩
202301,K-한식,16.4,홍콩
202301,K-패션,10.4,홍콩
202301,K-뷰티웰니스,7.34,홍콩
202301,K-문화체험,1.97,홍콩
202301,K-나이트컬처,1.32,홍콩
202301,K-스포츠,1.39,홍콩
202301,K-공연,0.28,홍콩
202302,K-라이프스타일푸드,30.69,홍콩
202302,K-쇼핑,29.25,홍콩
202302,K-한식,17.13,홍콩
202302,K-패션,10.95,홍콩
202302,K-뷰티웰니스,7.69,홍콩
202302,K-문화체험,1.51,홍콩
202302,K-나이트컬처,1.49,홍콩
202302,K-스포츠,1.01,홍콩
202302,K-공연,0.27,홍콩
202303,K-라이프스타일푸드,30.86,홍콩
202303,K-쇼핑,29.41,홍콩
202303,K-한식,16.29,홍콩
202303,K-패션,11.08,홍콩
202303,K-뷰티웰니스,8.14,홍콩
202303,K-문화체험,1.72,홍콩
202303,K-나이트컬처,1.34,홍콩
202303,K-스포츠,0.91,홍콩
202303,K-공연,0.26,홍콩
202304,K-라이프스타일푸드,30.45,홍콩
202304,K-쇼핑,29.96,홍콩
202304,K-한식,15.56,홍콩
202304,K-패션,10.84,홍콩
202304,K-뷰티웰니스,7.54,홍콩
202304,K-문화체험,3.26,홍콩
202304,K-나이트컬처,1.27,홍콩
202304,K-스포츠,0.84,홍콩
202304,K-공연,0.27,홍콩
202305,K-라이프스타일푸드,31.54,홍콩
202305,K-쇼핑,28.37,홍콩
202305,K-한식,15.41,홍콩
202305,K-패션,11.69,홍콩
202305,K-뷰티웰니스,8.16,홍콩
202305,K-문화체험,2.23,홍콩
202305,K-나이트컬처,1.28,홍콩
202305,K-스포츠,0.97,홍콩
202305,K-공연,0.35,홍콩
202306,K-라이프스타일푸드,32.35,홍콩
202306,K-쇼핑,27.32,홍콩
202306,K-한식,15.08,홍콩
202306,K-패션,11.77,홍콩
202306,K-뷰티웰니스,8.24,홍콩
202306,K-문화체험,2.8,홍콩
202306,K-나이트컬처,1.15,홍콩
202306,K-스포츠,0.95,홍콩
202306,K-공연,0.34,홍콩
202307,K-라이프스타일푸드,32.09,홍콩
202307,K-쇼핑,28.77,홍콩
202307,K-한식,14.94,홍콩
202307,K-패션,10.0,홍콩
202307,K-뷰티웰니스,7.43,홍콩
202307,K-문화체험,4.4,홍콩
202307,K-나이트컬처,0.98,홍콩
202307,K-스포츠,0.94,홍콩
202307,K-공연,0.45,홍콩
202308,K-라이프스타일푸드,31.32,홍콩
202308,K-쇼핑,29.09,홍콩
202308,K-한식,14.89,홍콩
202308,K-패션,9.83,홍콩
202308,K-뷰티웰니스,7.32,홍콩
202308,K-문화체험,5.19,홍콩
202308,K-나이트컬처,1.0,홍콩
202308,K-스포츠,1.03,홍콩
202308,K-공연,0.33,홍콩
202309,K-라이프스타일푸드,32.48,홍콩
202309,K-쇼핑,27.41,홍콩
202309,K-한식,16.01,홍콩
202309,K-패션,11.1,홍콩
202309,K-뷰티웰니스,8.16,홍콩
202309,K-문화체험,2.35,홍콩
202309,K-나이트컬처,1.29,홍콩
202309,K-스포츠,0.89,홍콩
202309,K-공연,0.3,홍콩
202310,K-라이프스타일푸드,31.77,홍콩
202310,K-쇼핑,27.62,홍콩
202310,K-한식,16.44,홍콩
202310,K-패션,11.3,홍콩
202310,K-뷰티웰니스,8.17,홍콩
202310,K-문화체험,2.45,홍콩
202310,K-나이트컬처,1.11,홍콩
202310,K-스포츠,0.89,홍콩
202310,K-공연,0.26,홍콩
202311,K-라이프스타일푸드,29.95,홍콩
202311,K-쇼핑,29.45,홍콩
202311,K-한식,16.31,홍콩
202311,K-패션,11.55,홍콩
202311,K-뷰티웰니스,8.66,홍콩
202311,K-문화체험,2.01,홍콩
202311,K-나이트컬처,1.04,홍콩
202311,K-스포츠,0.77,홍콩
202311,K-공연,0.25,홍콩
202312,K-라이프스타일푸드,31.53,홍콩
202312,K-쇼핑,29.06,홍콩
202312,K-한식,15.92,홍콩
202312,K-패션,9.93,홍콩
202312,K-뷰티웰니스,7.77,홍콩
202312,K-문화체험,3.13,홍콩
202312,K-나이트컬처,1.01,홍콩
202312,K-스포츠,1.25,홍콩
202312,K-공연,0.4,홍콩
202401,K-라이프스타일푸드,32.94,홍콩
202401,K-쇼핑,27.19,홍콩
202401,K-한식,16.12,홍콩
202401,K-패션,10.23,홍콩
202401,K-뷰티웰니스,8.4,홍콩
202401,K-문화체험,2.58,홍콩
202401,K-나이트컬처,1.02,홍콩
202401,K-스포츠,0.96,홍콩
202401,K-공연,0.55,홍콩
202402,K-라이프스타일푸드,33.6,홍콩
202402,K-쇼핑,27.74,홍콩
202402,K-한식,15.84,홍콩
202402,K-패션,9.14,홍콩
202402,K-뷰티웰니스,7.45,홍콩
202402,K-문화체험,3.08,홍콩
202402,K-나이트컬처,1.05,홍콩
202402,K-스포츠,1.65,홍콩
202402,K-공연,0.47,홍콩
202403,K-라이프스타일푸드,32.63,홍콩
202403,K-쇼핑,27.35,홍콩
202403,K-한식,15.71,홍콩
202403,K-패션,11.2,홍콩
202403,K-뷰티웰니스,8.08,홍콩
202403,K-문화체험,2.81,홍콩
202403,K-나이트컬처,1.02,홍콩
202403,K-스포츠,0.8,홍콩
202403,K-공연,0.4,홍콩
202404,K-라이프스타일푸드,32.37,홍콩
202404,K-쇼핑,26.78,홍콩
202404,K-한식,15.05,홍콩
202404,K-패션,12.23,홍콩
202404,K-뷰티웰니스,8.38,홍콩
202404,K-문화체험,3.03,홍콩
202404,K-나이트컬처,0.9,홍콩
202404,K-스포츠,0.89,홍콩
202404,K-공연,0.37,홍콩
202405,K-라이프스타일푸드,32.45,홍콩
202405,K-쇼핑,25.44,홍콩
202405,K-한식,14.9,홍콩
202405,K-패션,12.84,홍콩
202405,K-뷰티웰니스,8.85,홍콩
202405,K-문화체험,3.16,홍콩
202405,K-나이트컬처,0.98,홍콩
202405,K-스포츠,1.06,홍콩
202405,K-공연,0.33,홍콩
202406,K-라이프스타일푸드,32.83,홍콩
202406,K-쇼핑,25.0,홍콩
202406,K-한식,14.42,홍콩
202406,K-패션,13.03,홍콩
202406,K-뷰티웰니스,9.3,홍콩
202406,K-문화체험,3.13,홍콩
202406,K-나이트컬처,0.94,홍콩
202406,K-스포츠,1.01,홍콩
202406,K-공연,0.33,홍콩
202407,K-라이프스타일푸드,33.04,홍콩
202407,K-쇼핑,26.0,홍콩
202407,K-한식,14.38,홍콩
202407,K-패션,10.99,홍콩
202407,K-뷰티웰니스,8.7,홍콩
202407,K-문화체험,4.54,홍콩
202407,K-나이트컬처,0.82,홍콩
202407,K-스포츠,1.14,홍콩
202407,K-공연,0.39,홍콩
202408,K-라이프스타일푸드,33.69,홍콩
202408,K-쇼핑,25.34,홍콩
202408,K-한식,14.35,홍콩
202408,K-패션,10.93,홍콩
202408,K-뷰티웰니스,8.59,홍콩
202408,K-문화체험,4.65,홍콩
202408,K-나이트컬처,0.83,홍콩
202408,K-스포츠,1.21,홍콩
202408,K-공연,0.41,홍콩
202409,K-라이프스타일푸드,34.5,홍콩
202409,K-쇼핑,24.1,홍콩
202409,K-한식,14.79,홍콩
202409,K-패션,11.21,홍콩
202409,K-뷰티웰니스,10.0,홍콩
202409,K-문화체험,2.73,홍콩
202409,K-나이트컬처,1.06,홍콩
202409,K-스포츠,1.24,홍콩
202409,K-공연,0.36,홍콩
202410,K-라이프스타일푸드,33.74,홍콩
202410,K-쇼핑,24.38,홍콩
202410,K-한식,15.56,홍콩
202410,K-패션,11.32,홍콩
202410,K-뷰티웰니스,9.83,홍콩
202410,K-문화체험,2.6,홍콩
202410,K-나이트컬처,0.98,홍콩
202410,K-스포츠,1.25,홍콩
202410,K-공연,0.34,홍콩
202411,K-라이프스타일푸드,32.43,홍콩
202411,K-쇼핑,25.16,홍콩
202411,K-한식,15.39,홍콩
202411,K-패션,11.64,홍콩
202411,K-뷰티웰니스,10.57,홍콩
202411,K-문화체험,2.43,홍콩
202411,K-나이트컬처,0.98,홍콩
202411,K-스포츠,1.1,홍콩
202411,K-공연,0.31,홍콩
202412,K-라이프스타일푸드,32.04,홍콩
202412,K-쇼핑,26.28,홍콩
202412,K-한식,15.18,홍콩
202412,K-패션,10.37,홍콩
202412,K-뷰티웰니스,9.3,홍콩
202412,K-문화체험,4.02,홍콩
202412,K-나이트컬처,0.88,홍콩
202412,K-스포츠,1.57,홍콩
202412,K-공연,0.36,홍콩
202501,K-라이프스타일푸드,33.64,홍콩
202501,K-쇼핑,24.86,홍콩
202501,K-한식,15.43,홍콩
202501,K-패션,9.9,홍콩
202501,K-뷰티웰니스,9.57,홍콩
202501,K-문화체험,3.92,홍콩
202501,K-나이트컬처,0.86,홍콩
202501,K-스포츠,1.55,홍콩
202501,K-공연,0.28,홍콩
202502,K-라이프스타일푸드,31.91,홍콩
202502,K-쇼핑,26.38,홍콩
202502,K-한식,15.58,홍콩
202502,K-패션,10.03,홍콩
202502,K-뷰티웰니스,10.25,홍콩
202502,K-문화체험,3.06,홍콩
202502,K-나이트컬처,0.89,홍콩
202502,K-스포츠,1.61,홍콩
202502,K-공연,0.29,홍콩
202503,K-라이프스타일푸드,32.4,홍콩
202503,K-쇼핑,25.27,홍콩
202503,K-한식,15.04,홍콩
202503,K-패션,10.88,홍콩
202503,K-뷰티웰니스,11.07,홍콩
202503,K-문화체험,3.0,홍콩
202503,K-나이트컬처,0.9,홍콩
202503,K-스포츠,1.14,홍콩
202503,K-공연,0.29,홍콩
202504,K-라이프스타일푸드,33.29,홍콩
202504,K-쇼핑,24.78,홍콩
202504,K-한식,14.86,홍콩
202504,K-패션,11.04,홍콩
202504,K-뷰티웰니스,10.25,홍콩
202504,K-문화체험,3.68,홍콩
202504,K-나이트컬처,0.86,홍콩
202504,K-스포츠,0.98,홍콩
202504,K-공연,0.25,홍콩
202505,K-라이프스타일푸드,32.91,홍콩
202505,K-쇼핑,24.36,홍콩
202505,K-한식,14.26,홍콩
202505,K-패션,11.95,홍콩
202505,K-뷰티웰니스,10.8,홍콩
202505,K-문화체험,3.45,홍콩
202505,K-나이트컬처,0.94,홍콩
202505,K-스포츠,1.05,홍콩
202505,K-공연,0.29,홍콩
202506,K-라이프스타일푸드,34.38,홍콩
202506,K-쇼핑,23.23,홍콩
202506,K-한식,14.44,홍콩
202506,K-패션,11.56,홍콩
202506,K-뷰티웰니스,10.62,홍콩
202506,K-문화체험,3.48,홍콩
202506,K-나이트컬처,0.89,홍콩
202506,K-스포츠,1.13,홍콩
202506,K-공연,0.27,홍콩
202507,K-라이프스타일푸드,35.49,홍콩
202507,K-쇼핑,24.83,홍콩
202507,K-한식,14.24,홍콩
202507,K-패션,9.71,홍콩
202507,K-뷰티웰니스,9.01,홍콩
202507,K-문화체험,4.54,홍콩
202507,K-나이트컬처,0.8,홍콩
202507,K-스포츠,1.06,홍콩
202507,K-공연,0.31,홍콩
202508,K-라이프스타일푸드,34.19,홍콩
202508,K-쇼핑,25.3,홍콩
202508,K-한식,14.15,홍콩
202508,K-패션,10.23,홍콩
202508,K-뷰티웰니스,9.17,홍콩
202508,K-문화체험,4.77,홍콩
202508,K-나이트컬처,0.79,홍콩
202508,K-스포츠,1.04,홍콩
202508,K-공연,0.35,홍콩
202509,K-라이프스타일푸드,35.88,홍콩
202509,K-쇼핑,22.96,홍콩
202509,K-한식,14.79,홍콩
202509,K-패션,10.65,홍콩
202509,K-뷰티웰니스,10.72,홍콩
202509,K-문화체험,2.61,홍콩
202509,K-나이트컬처,1.01,홍콩
202509,K-스포츠,1.13,홍콩
202509,K-공연,0.26,홍콩
202510,K-라이프스타일푸드,35.43,홍콩
202510,K-쇼핑,23.04,홍콩
202510,K-한식,15.28,홍콩
202510,K-패션,10.75,홍콩
202510,K-뷰티웰니스,10.09,홍콩
202510,K-문화체험,3.09,홍콩
202510,K-나이트컬처,0.98,홍콩
202510,K-스포츠,1.03,홍콩
202510,K-공연,0.32,홍콩
202511,K-라이프스타일푸드,33.72,홍콩
202511,K-쇼핑,24.1,홍콩
202511,K-한식,15.04,홍콩
202511,K-패션,11.32,홍콩
202511,K-뷰티웰니스,11.63,홍콩
202511,K-문화체험,2.25,홍콩
202511,K-나이트컬처,0.93,홍콩
202511,K-스포츠,0.73,홍콩
202511,K-공연,0.27,홍콩
202512,K-라이프스타일푸드,32.98,홍콩
202512,K-쇼핑,25.55,홍콩
202512,K-한식,14.9,홍콩
202512,K-패션,10.31,홍콩
202512,K-뷰티웰니스,9.93,홍콩
202512,K-문화체험,3.89,홍콩
202512,K-나이트컬처,0.78,홍콩
202512,K-스포츠,1.41,홍콩
202512,K-공연,0.25,홍콩
202601,K-라이프스타일푸드,35.37,홍콩
202601,K-쇼핑,23.32,홍콩
202601,K-한식,15.03,홍콩
202601,K-패션,10.34,홍콩
202601,K-뷰티웰니스,10.28,홍콩
202601,K-문화체험,3.6,홍콩
202601,K-나이트컬처,0.88,홍콩
202601,K-스포츠,0.92,홍콩
202601,K-공연,0.25,홍콩
202602,K-라이프스타일푸드,35.62,홍콩
202602,K-쇼핑,23.9,홍콩
202602,K-한식,15.14,홍콩
202602,K-패션,9.48,홍콩
202602,K-뷰티웰니스,9.28,홍콩
202602,K-문화체험,3.91,홍콩
202602,K-나이트컬처,0.81,홍콩
202602,K-스포츠,1.54,홍콩
202602,K-공연,0.33,홍콩
202603,K-라이프스타일푸드,35.73,홍콩
202603,K-쇼핑,23.06,홍콩
202603,K-한식,14.65,홍콩
202603,K-패션,10.71,홍콩
202603,K-뷰티웰니스,10.85,홍콩
202603,K-문화체험,3.38,홍콩
202603,K-나이트컬처,0.8,홍콩
202603,K-스포츠,0.52,홍콩
202603,K-공연,0.3,홍콩
202604,K-라이프스타일푸드,35.47,홍콩
202604,K-쇼핑,23.54,홍콩
202604,K-한식,14.63,홍콩
202604,K-패션,11.1,홍콩
202604,K-뷰티웰니스,10.08,홍콩
202604,K-문화체험,3.6,홍콩
202604,K-나이트컬처,0.74,홍콩
202604,K-스포츠,0.59,홍콩
202604,K-공연,0.25,홍콩
201801,K-라이프스타일푸드,45.92,미국
201801,K-쇼핑,25.43,미국
201801,K-한식,14.99,미국
201801,K-뷰티웰니스,4.69,미국
201801,K-패션,2.48,미국
201801,K-나이트컬처,4.38,미국
201801,K-문화체험,0.59,미국
201801,K-스포츠,0.59,미국
201801,K-공연,0.92,미국
201802,K-라이프스타일푸드,45.91,미국
201802,K-쇼핑,25.98,미국
201802,K-한식,14.4,미국
201802,K-뷰티웰니스,4.06,미국
201802,K-패션,2.52,미국
201802,K-나이트컬처,4.7,미국
201802,K-문화체험,0.52,미국
201802,K-스포츠,0.62,미국
201802,K-공연,1.3,미국
201803,K-라이프스타일푸드,45.64,미국
201803,K-쇼핑,23.8,미국
201803,K-한식,15.5,미국
201803,K-뷰티웰니스,4.77,미국
201803,K-패션,3.06,미국
201803,K-나이트컬처,5.24,미국
201803,K-문화체험,0.7,미국
201803,K-스포츠,0.59,미국
201803,K-공연,0.69,미국
201804,K-라이프스타일푸드,45.81,미국
201804,K-쇼핑,24.11,미국
201804,K-한식,15.55,미국
201804,K-뷰티웰니스,4.93,미국
201804,K-패션,3.07,미국
201804,K-나이트컬처,3.98,미국
201804,K-문화체험,0.75,미국
201804,K-스포츠,0.64,미국
201804,K-공연,1.13,미국
201805,K-라이프스타일푸드,45.09,미국
201805,K-쇼핑,23.48,미국
201805,K-한식,15.45,미국
201805,K-뷰티웰니스,5.03,미국
201805,K-패션,3.14,미국
201805,K-나이트컬처,4.79,미국
201805,K-문화체험,0.94,미국
201805,K-스포츠,0.68,미국
201805,K-공연,1.4,미국
201806,K-라이프스타일푸드,43.93,미국
201806,K-쇼핑,24.43,미국
201806,K-한식,15.34,미국
201806,K-뷰티웰니스,5.16,미국
201806,K-패션,3.37,미국
201806,K-나이트컬처,4.84,미국
201806,K-문화체험,1.16,미국
201806,K-스포츠,0.78,미국
201806,K-공연,1.0,미국
201807,K-라이프스타일푸드,43.27,미국
201807,K-쇼핑,25.87,미국
201807,K-한식,15.27,미국
201807,K-뷰티웰니스,4.87,미국
201807,K-패션,3.18,미국
201807,K-나이트컬처,4.37,미국
201807,K-문화체험,1.17,미국
201807,K-스포츠,0.86,미국
201807,K-공연,1.13,미국
201808,K-라이프스타일푸드,44.69,미국
201808,K-쇼핑,25.27,미국
201808,K-한식,15.42,미국
201808,K-뷰티웰니스,4.39,미국
201808,K-패션,2.88,미국
201808,K-나이트컬처,4.94,미국
201808,K-문화체험,0.89,미국
201808,K-스포츠,0.8,미국
201808,K-공연,0.71,미국
201809,K-라이프스타일푸드,45.34,미국
201809,K-쇼핑,23.34,미국
201809,K-한식,15.75,미국
201809,K-뷰티웰니스,4.29,미국
201809,K-패션,3.14,미국
201809,K-나이트컬처,5.85,미국
201809,K-문화체험,0.92,미국
201809,K-스포츠,0.79,미국
201809,K-공연,0.59,미국
201810,K-라이프스타일푸드,44.49,미국
201810,K-쇼핑,23.73,미국
201810,K-한식,16.83,미국
201810,K-뷰티웰니스,4.48,미국
201810,K-패션,3.34,미국
201810,K-나이트컬처,4.8,미국
201810,K-문화체험,0.81,미국
201810,K-스포츠,0.71,미국
201810,K-공연,0.82,미국
201811,K-라이프스타일푸드,44.47,미국
201811,K-쇼핑,23.38,미국
201811,K-한식,16.81,미국
201811,K-뷰티웰니스,4.6,미국
201811,K-패션,3.18,미국
201811,K-나이트컬처,5.49,미국
201811,K-문화체험,0.69,미국
201811,K-스포츠,0.7,미국
201811,K-공연,0.68,미국
201812,K-라이프스타일푸드,44.21,미국
201812,K-쇼핑,24.27,미국
201812,K-한식,15.96,미국
201812,K-뷰티웰니스,4.45,미국
201812,K-패션,3.22,미국
201812,K-나이트컬처,5.5,미국
201812,K-문화체험,0.75,미국
201812,K-스포츠,0.73,미국
201812,K-공연,0.89,미국
201901,K-라이프스타일푸드,46.19,미국
201901,K-쇼핑,22.53,미국
201901,K-한식,17.06,미국
201901,K-뷰티웰니스,4.48,미국
201901,K-패션,2.61,미국
201901,K-나이트컬처,4.95,미국
201901,K-문화체험,0.67,미국
201901,K-스포츠,0.84,미국
201901,K-공연,0.67,미국
201902,K-라이프스타일푸드,46.04,미국
201902,K-쇼핑,21.15,미국
201902,K-한식,17.63,미국
201902,K-뷰티웰니스,4.19,미국
201902,K-패션,2.67,미국
201902,K-나이트컬처,6.09,미국
201902,K-문화체험,0.67,미국
201902,K-스포츠,0.9,미국
201902,K-공연,0.66,미국
201903,K-라이프스타일푸드,45.7,미국
201903,K-쇼핑,21.69,미국
201903,K-한식,17.4,미국
201903,K-뷰티웰니스,4.45,미국
201903,K-패션,3.19,미국
201903,K-나이트컬처,5.33,미국
201903,K-문화체험,0.72,미국
201903,K-스포츠,0.68,미국
201903,K-공연,0.85,미국
201904,K-라이프스타일푸드,45.07,미국
201904,K-쇼핑,21.93,미국
201904,K-한식,17.42,미국
201904,K-뷰티웰니스,4.69,미국
201904,K-패션,3.2,미국
201904,K-나이트컬처,4.85,미국
201904,K-문화체험,0.94,미국
201904,K-스포츠,0.73,미국
201904,K-공연,1.17,미국
201905,K-라이프스타일푸드,45.21,미국
201905,K-쇼핑,21.5,미국
201905,K-한식,17.35,미국
201905,K-뷰티웰니스,4.68,미국
201905,K-패션,3.38,미국
201905,K-나이트컬처,5.24,미국
201905,K-문화체험,0.99,미국
201905,K-스포츠,0.76,미국
201905,K-공연,0.91,미국
201906,K-라이프스타일푸드,44.79,미국
201906,K-쇼핑,22.12,미국
201906,K-한식,16.74,미국
201906,K-뷰티웰니스,4.52,미국
201906,K-패션,3.45,미국
201906,K-나이트컬처,5.38,미국
201906,K-문화체험,1.07,미국
201906,K-스포츠,0.84,미국
201906,K-공연,1.09,미국
201907,K-라이프스타일푸드,44.25,미국
201907,K-쇼핑,22.58,미국
201907,K-한식,16.87,미국
201907,K-뷰티웰니스,4.46,미국
201907,K-패션,3.29,미국
201907,K-나이트컬처,5.24,미국
201907,K-문화체험,1.12,미국
201907,K-스포츠,0.84,미국
201907,K-공연,1.35,미국
201908,K-라이프스타일푸드,44.65,미국
201908,K-쇼핑,21.93,미국
201908,K-한식,16.91,미국
201908,K-뷰티웰니스,4.32,미국
201908,K-패션,3.07,미국
201908,K-나이트컬처,6.59,미국
201908,K-문화체험,1.02,미국
201908,K-스포츠,0.87,미국
201908,K-공연,0.64,미국
201909,K-라이프스타일푸드,45.59,미국
201909,K-쇼핑,21.65,미국
201909,K-한식,17.18,미국
201909,K-뷰티웰니스,4.21,미국
201909,K-패션,3.05,미국
201909,K-나이트컬처,6.15,미국
201909,K-문화체험,0.88,미국
201909,K-스포츠,0.7,미국
201909,K-공연,0.58,미국
201910,K-라이프스타일푸드,44.61,미국
201910,K-쇼핑,21.49,미국
201910,K-한식,18.03,미국
201910,K-뷰티웰니스,4.45,미국
201910,K-패션,3.21,미국
201910,K-나이트컬처,5.69,미국
201910,K-문화체험,0.93,미국
201910,K-스포츠,0.71,미국
201910,K-공연,0.87,미국
201911,K-라이프스타일푸드,44.93,미국
201911,K-쇼핑,21.13,미국
201911,K-한식,17.72,미국
201911,K-뷰티웰니스,4.38,미국
201911,K-패션,3.16,미국
201911,K-나이트컬처,6.57,미국
201911,K-문화체험,0.78,미국
201911,K-스포츠,0.67,미국
201911,K-공연,0.65,미국
201912,K-라이프스타일푸드,44.44,미국
201912,K-쇼핑,22.04,미국
201912,K-한식,17.21,미국
201912,K-뷰티웰니스,4.63,미국
201912,K-패션,3.05,미국
201912,K-나이트컬처,6.34,미국
201912,K-문화체험,0.85,미국
201912,K-스포츠,0.77,미국
201912,K-공연,0.68,미국
202001,K-라이프스타일푸드,46.0,미국
202001,K-쇼핑,19.87,미국
202001,K-한식,17.84,미국
202001,K-뷰티웰니스,4.6,미국
202001,K-패션,2.57,미국
202001,K-나이트컬처,6.77,미국
202001,K-문화체험,0.77,미국
202001,K-스포츠,0.84,미국
202001,K-공연,0.73,미국
202002,K-라이프스타일푸드,48.06,미국
202002,K-쇼핑,18.63,미국
202002,K-한식,17.62,미국
202002,K-뷰티웰니스,4.43,미국
202002,K-패션,2.44,미국
202002,K-나이트컬처,7.14,미국
202002,K-문화체험,0.64,미국
202002,K-스포츠,0.59,미국
202002,K-공연,0.45,미국
202003,K-라이프스타일푸드,52.74,미국
202003,K-쇼핑,19.34,미국
202003,K-한식,19.31,미국
202003,K-뷰티웰니스,4.11,미국
202003,K-패션,1.45,미국
202003,K-나이트컬처,1.94,미국
202003,K-문화체험,0.48,미국
202003,K-스포츠,0.46,미국
202003,K-공연,0.17,미국
202004,K-라이프스타일푸드,53.25,미국
202004,K-쇼핑,21.54,미국
202004,K-한식,16.92,미국
202004,K-뷰티웰니스,3.95,미국
202004,K-패션,1.42,미국
202004,K-나이트컬처,1.65,미국
202004,K-문화체험,0.56,미국
202004,K-스포츠,0.59,미국
202004,K-공연,0.11,미국
202005,K-라이프스타일푸드,51.8,미국
202005,K-쇼핑,19.96,미국
202005,K-한식,17.99,미국
202005,K-뷰티웰니스,3.91,미국
202005,K-패션,2.65,미국
202005,K-나이트컬처,1.87,미국
202005,K-문화체험,0.85,미국
202005,K-스포츠,0.82,미국
202005,K-공연,0.15,미국
202006,K-라이프스타일푸드,51.92,미국
202006,K-쇼핑,18.6,미국
202006,K-한식,18.42,미국
202006,K-뷰티웰니스,4.17,미국
202006,K-패션,2.7,미국
202006,K-나이트컬처,2.09,미국
202006,K-문화체험,0.89,미국
202006,K-스포츠,1.0,미국
202006,K-공연,0.21,미국
202007,K-라이프스타일푸드,51.31,미국
202007,K-쇼핑,18.27,미국
202007,K-한식,18.38,미국
202007,K-뷰티웰니스,4.13,미국
202007,K-패션,2.57,미국
202007,K-나이트컬처,2.84,미국
202007,K-문화체험,1.06,미국
202007,K-스포츠,1.15,미국
202007,K-공연,0.29,미국
202008,K-라이프스타일푸드,50.4,미국
202008,K-쇼핑,20.89,미국
202008,K-한식,17.75,미국
202008,K-뷰티웰니스,4.1,미국
202008,K-패션,2.3,미국
202008,K-나이트컬처,2.66,미국
202008,K-문화체험,0.67,미국
202008,K-스포츠,0.94,미국
202008,K-공연,0.28,미국
202009,K-라이프스타일푸드,51.04,미국
202009,K-쇼핑,20.96,미국
202009,K-한식,18.18,미국
202009,K-뷰티웰니스,4.31,미국
202009,K-패션,2.45,미국
202009,K-나이트컬처,1.64,미국
202009,K-문화체험,0.45,미국
202009,K-스포츠,0.76,미국
202009,K-공연,0.22,미국
202010,K-라이프스타일푸드,49.73,미국
202010,K-쇼핑,19.48,미국
202010,K-한식,17.97,미국
202010,K-뷰티웰니스,3.6,미국
202010,K-패션,3.04,미국
202010,K-나이트컬처,3.99,미국
202010,K-문화체험,0.92,미국
202010,K-스포츠,1.03,미국
202010,K-공연,0.23,미국
202011,K-라이프스타일푸드,49.55,미국
202011,K-쇼핑,20.16,미국
202011,K-한식,17.6,미국
202011,K-뷰티웰니스,3.77,미국
202011,K-패션,2.68,미국
202011,K-나이트컬처,4.33,미국
202011,K-문화체험,0.81,미국
202011,K-스포츠,0.91,미국
202011,K-공연,0.19,미국
202012,K-라이프스타일푸드,49.45,미국
202012,K-쇼핑,24.31,미국
202012,K-한식,16.62,미국
202012,K-뷰티웰니스,4.54,미국
202012,K-패션,2.79,미국
202012,K-나이트컬처,1.21,미국
202012,K-문화체험,0.49,미국
202012,K-스포츠,0.46,미국
202012,K-공연,0.12,미국
202101,K-라이프스타일푸드,51.54,미국
202101,K-쇼핑,22.95,미국
202101,K-한식,16.39,미국
202101,K-뷰티웰니스,4.63,미국
202101,K-패션,2.23,미국
202101,K-나이트컬처,1.21,미국
202101,K-문화체험,0.47,미국
202101,K-스포츠,0.45,미국
202101,K-공연,0.13,미국
202102,K-라이프스타일푸드,50.55,미국
202102,K-쇼핑,21.77,미국
202102,K-한식,16.87,미국
202102,K-뷰티웰니스,3.96,미국
202102,K-패션,2.45,미국
202102,K-나이트컬처,2.73,미국
202102,K-문화체험,0.69,미국
202102,K-스포츠,0.81,미국
202102,K-공연,0.16,미국
202103,K-라이프스타일푸드,50.15,미국
202103,K-쇼핑,20.27,미국
202103,K-한식,17.53,미국
202103,K-뷰티웰니스,3.81,미국
202103,K-패션,2.48,미국
202103,K-나이트컬처,3.68,미국
202103,K-문화체험,0.96,미국
202103,K-스포츠,0.85,미국
202103,K-공연,0.28,미국
202104,K-라이프스타일푸드,51.0,미국
202104,K-쇼핑,18.91,미국
202104,K-한식,17.49,미국
202104,K-뷰티웰니스,3.85,미국
202104,K-패션,2.63,미국
202104,K-나이트컬처,3.85,미국
202104,K-문화체험,1.1,미국
202104,K-스포츠,0.87,미국
202104,K-공연,0.3,미국
202105,K-라이프스타일푸드,51.14,미국
202105,K-쇼핑,19.04,미국
202105,K-한식,17.25,미국
202105,K-뷰티웰니스,3.76,미국
202105,K-패션,2.64,미국
202105,K-나이트컬처,3.7,미국
202105,K-문화체험,1.18,미국
202105,K-스포츠,0.98,미국
202105,K-공연,0.32,미국
202106,K-라이프스타일푸드,51.43,미국
202106,K-쇼핑,19.14,미국
202106,K-한식,17.53,미국
202106,K-뷰티웰니스,4.08,미국
202106,K-패션,2.37,미국
202106,K-나이트컬처,3.04,미국
202106,K-문화체험,1.08,미국
202106,K-스포츠,0.93,미국
202106,K-공연,0.39,미국
202107,K-라이프스타일푸드,51.16,미국
202107,K-쇼핑,20.69,미국
202107,K-한식,16.6,미국
202107,K-뷰티웰니스,4.23,미국
202107,K-패션,2.59,미국
202107,K-나이트컬처,2.24,미국
202107,K-문화체험,1.1,미국
202107,K-스포츠,0.97,미국
202107,K-공연,0.41,미국
202108,K-라이프스타일푸드,52.27,미국
202108,K-쇼핑,20.87,미국
202108,K-한식,16.46,미국
202108,K-뷰티웰니스,4.11,미국
202108,K-패션,2.3,미국
202108,K-나이트컬처,2.06,미국
202108,K-문화체험,0.78,미국
202108,K-스포츠,0.86,미국
202108,K-공연,0.3,미국
202109,K-라이프스타일푸드,53.66,미국
202109,K-쇼핑,18.73,미국
202109,K-한식,16.47,미국
202109,K-뷰티웰니스,3.74,미국
202109,K-패션,2.35,미국
202109,K-나이트컬처,2.77,미국
202109,K-문화체험,0.99,미국
202109,K-스포츠,0.86,미국
202109,K-공연,0.41,미국
202110,K-라이프스타일푸드,52.29,미국
202110,K-쇼핑,18.54,미국
202110,K-한식,17.24,미국
202110,K-뷰티웰니스,3.68,미국
202110,K-패션,2.59,미국
202110,K-나이트컬처,3.46,미국
202110,K-문화체험,0.94,미국
202110,K-스포츠,0.87,미국
202110,K-공연,0.39,미국
202111,K-라이프스타일푸드,50.25,미국
202111,K-쇼핑,17.72,미국
202111,K-한식,17.5,미국
202111,K-뷰티웰니스,3.71,미국
202111,K-패션,2.31,미국
202111,K-나이트컬처,6.45,미국
202111,K-문화체험,0.88,미국
202111,K-스포츠,0.81,미국
202111,K-공연,0.37,미국
202112,K-라이프스타일푸드,50.05,미국
202112,K-쇼핑,20.57,미국
202112,K-한식,15.88,미국
202112,K-뷰티웰니스,4.04,미국
202112,K-패션,2.44,미국
202112,K-나이트컬처,4.96,미국
202112,K-문화체험,0.75,미국
202112,K-스포츠,0.66,미국
202112,K-공연,0.64,미국
202201,K-라이프스타일푸드,54.58,미국
202201,K-쇼핑,21.04,미국
202201,K-한식,15.19,미국
202201,K-뷰티웰니스,4.49,미국
202201,K-패션,1.67,미국
202201,K-나이트컬처,1.61,미국
202201,K-문화체험,0.59,미국
202201,K-스포츠,0.62,미국
202201,K-공연,0.22,미국
202202,K-라이프스타일푸드,53.79,미국
202202,K-쇼핑,19.81,미국
202202,K-한식,16.29,미국
202202,K-뷰티웰니스,4.01,미국
202202,K-패션,1.99,미국
202202,K-나이트컬처,2.57,미국
202202,K-문화체험,0.59,미국
202202,K-스포츠,0.72,미국
202202,K-공연,0.23,미국
202203,K-라이프스타일푸드,54.03,미국
202203,K-쇼핑,17.43,미국
202203,K-한식,16.92,미국
202203,K-뷰티웰니스,3.73,미국
202203,K-패션,2.01,미국
202203,K-나이트컬처,4.02,미국
202203,K-문화체험,0.77,미국
202203,K-스포츠,0.7,미국
202203,K-공연,0.38,미국
202204,K-라이프스타일푸드,52.46,미국
202204,K-쇼핑,16.51,미국
202204,K-한식,16.64,미국
202204,K-뷰티웰니스,3.7,미국
202204,K-패션,2.54,미국
202204,K-나이트컬처,6.2,미국
202204,K-문화체험,0.99,미국
202204,K-스포츠,0.69,미국
202204,K-공연,0.26,미국
202205,K-라이프스타일푸드,50.32,미국
202205,K-쇼핑,17.4,미국
202205,K-한식,16.37,미국
202205,K-뷰티웰니스,3.92,미국
202205,K-패션,2.71,미국
202205,K-나이트컬처,6.63,미국
202205,K-문화체험,1.29,미국
202205,K-스포츠,0.81,미국
202205,K-공연,0.56,미국
202206,K-라이프스타일푸드,48.5,미국
202206,K-쇼핑,19.49,미국
202206,K-한식,15.94,미국
202206,K-뷰티웰니스,4.26,미국
202206,K-패션,2.85,미국
202206,K-나이트컬처,5.73,미국
202206,K-문화체험,1.74,미국
202206,K-스포츠,0.87,미국
202206,K-공연,0.61,미국
202207,K-라이프스타일푸드,47.78,미국
202207,K-쇼핑,20.26,미국
202207,K-한식,15.56,미국
202207,K-뷰티웰니스,4.28,미국
202207,K-패션,3.03,미국
202207,K-나이트컬처,5.75,미국
202207,K-문화체험,1.68,미국
202207,K-스포츠,0.97,미국
202207,K-공연,0.69,미국
202208,K-라이프스타일푸드,49.4,미국
202208,K-쇼핑,19.68,미국
202208,K-한식,15.48,미국
202208,K-뷰티웰니스,4.32,미국
202208,K-패션,2.68,미국
202208,K-나이트컬처,5.94,미국
202208,K-문화체험,1.29,미국
202208,K-스포츠,0.81,미국
202208,K-공연,0.4,미국
202209,K-라이프스타일푸드,49.35,미국
202209,K-쇼핑,19.08,미국
202209,K-한식,15.71,미국
202209,K-뷰티웰니스,4.24,미국
202209,K-패션,2.97,미국
202209,K-나이트컬처,6.35,미국
202209,K-문화체험,1.31,미국
202209,K-스포츠,0.75,미국
202209,K-공연,0.25,미국
202210,K-라이프스타일푸드,47.25,미국
202210,K-쇼핑,19.86,미국
202210,K-한식,17.04,미국
202210,K-뷰티웰니스,4.54,미국
202210,K-패션,3.4,미국
202210,K-나이트컬처,5.5,미국
202210,K-문화체험,1.38,미국
202210,K-스포츠,0.75,미국
202210,K-공연,0.28,미국
202211,K-라이프스타일푸드,47.65,미국
202211,K-쇼핑,19.91,미국
202211,K-한식,16.82,미국
202211,K-뷰티웰니스,4.81,미국
202211,K-패션,3.17,미국
202211,K-나이트컬처,5.16,미국
202211,K-문화체험,1.3,미국
202211,K-스포츠,0.72,미국
202211,K-공연,0.45,미국
202212,K-라이프스타일푸드,46.72,미국
202212,K-쇼핑,21.01,미국
202212,K-한식,15.94,미국
202212,K-뷰티웰니스,4.79,미국
202212,K-패션,3.17,미국
202212,K-나이트컬처,6.0,미국
202212,K-문화체험,1.23,미국
202212,K-스포츠,0.69,미국
202212,K-공연,0.46,미국
202301,K-라이프스타일푸드,49.39,미국
202301,K-쇼핑,18.26,미국
202301,K-한식,16.31,미국
202301,K-뷰티웰니스,4.49,미국
202301,K-패션,2.39,미국
202301,K-나이트컬처,7.05,미국
202301,K-문화체험,1.05,미국
202301,K-스포츠,0.7,미국
202301,K-공연,0.38,미국
202302,K-라이프스타일푸드,50.01,미국
202302,K-쇼핑,17.57,미국
202302,K-한식,16.22,미국
202302,K-뷰티웰니스,4.29,미국
202302,K-패션,2.42,미국
202302,K-나이트컬처,7.54,미국
202302,K-문화체험,0.94,미국
202302,K-스포츠,0.68,미국
202302,K-공연,0.35,미국
202303,K-라이프스타일푸드,50.37,미국
202303,K-쇼핑,18.03,미국
202303,K-한식,15.81,미국
202303,K-뷰티웰니스,4.38,미국
202303,K-패션,3.08,미국
202303,K-나이트컬처,6.21,미국
202303,K-문화체험,1.29,미국
202303,K-스포츠,0.62,미국
202303,K-공연,0.22,미국
202304,K-라이프스타일푸드,48.3,미국
202304,K-쇼핑,18.78,미국
202304,K-한식,16.11,미국
202304,K-뷰티웰니스,4.78,미국
202304,K-패션,3.56,미국
202304,K-나이트컬처,5.98,미국
202304,K-문화체험,1.42,미국
202304,K-스포츠,0.7,미국
202304,K-공연,0.37,미국
202305,K-라이프스타일푸드,48.86,미국
202305,K-쇼핑,18.76,미국
202305,K-한식,15.86,미국
202305,K-뷰티웰니스,4.91,미국
202305,K-패션,3.59,미국
202305,K-나이트컬처,5.2,미국
202305,K-문화체험,1.55,미국
202305,K-스포츠,0.77,미국
202305,K-공연,0.51,미국
202306,K-라이프스타일푸드,48.57,미국
202306,K-쇼핑,19.63,미국
202306,K-한식,15.13,미국
202306,K-뷰티웰니스,4.97,미국
202306,K-패션,3.74,미국
202306,K-나이트컬처,4.51,미국
202306,K-문화체험,2.04,미국
202306,K-스포츠,0.85,미국
202306,K-공연,0.56,미국
202307,K-라이프스타일푸드,48.71,미국
202307,K-쇼핑,20.29,미국
202307,K-한식,14.64,미국
202307,K-뷰티웰니스,4.7,미국
202307,K-패션,3.52,미국
202307,K-나이트컬처,4.68,미국
202307,K-문화체험,1.96,미국
202307,K-스포츠,0.87,미국
202307,K-공연,0.63,미국
202308,K-라이프스타일푸드,50.31,미국
202308,K-쇼핑,18.9,미국
202308,K-한식,15.15,미국
202308,K-뷰티웰니스,4.62,미국
202308,K-패션,3.08,미국
202308,K-나이트컬처,5.19,미국
202308,K-문화체험,1.56,미국
202308,K-스포츠,0.78,미국
202308,K-공연,0.41,미국
202309,K-라이프스타일푸드,49.5,미국
202309,K-쇼핑,18.16,미국
202309,K-한식,15.5,미국
202309,K-뷰티웰니스,4.87,미국
202309,K-패션,3.48,미국
202309,K-나이트컬처,5.89,미국
202309,K-문화체험,1.57,미국
202309,K-스포츠,0.73,미국
202309,K-공연,0.29,미국
202310,K-라이프스타일푸드,48.51,미국
202310,K-쇼핑,18.96,미국
202310,K-한식,16.08,미국
202310,K-뷰티웰니스,5.21,미국
202310,K-패션,3.82,미국
202310,K-나이트컬처,4.79,미국
202310,K-문화체험,1.62,미국
202310,K-스포츠,0.74,미국
202310,K-공연,0.28,미국
202311,K-라이프스타일푸드,48.09,미국
202311,K-쇼핑,20.0,미국
202311,K-한식,15.64,미국
202311,K-뷰티웰니스,5.27,미국
202311,K-패션,3.68,미국
202311,K-나이트컬처,4.83,미국
202311,K-문화체험,1.54,미국
202311,K-스포츠,0.64,미국
202311,K-공연,0.3,미국
202312,K-라이프스타일푸드,48.28,미국
202312,K-쇼핑,20.04,미국
202312,K-한식,15.0,미국
202312,K-뷰티웰니스,5.08,미국
202312,K-패션,3.19,미국
202312,K-나이트컬처,5.9,미국
202312,K-문화체험,1.52,미국
202312,K-스포츠,0.68,미국
202312,K-공연,0.31,미국
202401,K-라이프스타일푸드,51.05,미국
202401,K-쇼핑,17.97,미국
202401,K-한식,15.52,미국
202401,K-뷰티웰니스,4.89,미국
202401,K-패션,2.67,미국
202401,K-나이트컬처,5.67,미국
202401,K-문화체험,1.28,미국
202401,K-스포츠,0.7,미국
202401,K-공연,0.25,미국
202402,K-라이프스타일푸드,51.92,미국
202402,K-쇼핑,17.31,미국
202402,K-한식,15.15,미국
202402,K-뷰티웰니스,4.52,미국
202402,K-패션,2.53,미국
202402,K-나이트컬처,6.31,미국
202402,K-문화체험,1.27,미국
202402,K-스포츠,0.7,미국
202402,K-공연,0.27,미국
202403,K-라이프스타일푸드,50.59,미국
202403,K-쇼핑,18.19,미국
202403,K-한식,14.87,미국
202403,K-뷰티웰니스,4.88,미국
202403,K-패션,3.48,미국
202403,K-나이트컬처,5.32,미국
202403,K-문화체험,1.58,미국
202403,K-스포츠,0.7,미국
202403,K-공연,0.39,미국
202404,K-라이프스타일푸드,49.69,미국
202404,K-쇼핑,18.96,미국
202404,K-한식,15.07,미국
202404,K-뷰티웰니스,5.44,미국
202404,K-패션,3.95,미국
202404,K-나이트컬처,4.14,미국
202404,K-문화체험,1.7,미국
202404,K-스포츠,0.72,미국
202404,K-공연,0.33,미국
202405,K-라이프스타일푸드,49.72,미국
202405,K-쇼핑,18.68,미국
202405,K-한식,14.77,미국
202405,K-뷰티웰니스,5.36,미국
202405,K-패션,4.03,미국
202405,K-나이트컬처,4.42,미국
202405,K-문화체험,1.91,미국
202405,K-스포츠,0.76,미국
202405,K-공연,0.34,미국
202406,K-라이프스타일푸드,48.51,미국
202406,K-쇼핑,20.43,미국
202406,K-한식,13.75,미국
202406,K-뷰티웰니스,5.32,미국
202406,K-패션,4.27,미국
202406,K-나이트컬처,4.08,미국
202406,K-문화체험,2.32,미국
202406,K-스포츠,0.84,미국
202406,K-공연,0.48,미국
202407,K-라이프스타일푸드,49.05,미국
202407,K-쇼핑,20.49,미국
202407,K-한식,13.88,미국
202407,K-뷰티웰니스,5.18,미국
202407,K-패션,3.82,미국
202407,K-나이트컬처,3.76,미국
202407,K-문화체험,2.37,미국
202407,K-스포츠,0.87,미국
202407,K-공연,0.58,미국
202408,K-라이프스타일푸드,50.58,미국
202408,K-쇼핑,18.97,미국
202408,K-한식,13.6,미국
202408,K-뷰티웰니스,4.79,미국
202408,K-패션,3.56,미국
202408,K-나이트컬처,5.27,미국
202408,K-문화체험,1.97,미국
202408,K-스포츠,0.78,미국
202408,K-공연,0.48,미국
202409,K-라이프스타일푸드,50.79,미국
202409,K-쇼핑,18.53,미국
202409,K-한식,13.99,미국
202409,K-뷰티웰니스,5.04,미국
202409,K-패션,3.69,미국
202409,K-나이트컬처,4.9,미국
202409,K-문화체험,1.98,미국
202409,K-스포츠,0.74,미국
202409,K-공연,0.34,미국
202410,K-라이프스타일푸드,48.93,미국
202410,K-쇼핑,19.03,미국
202410,K-한식,15.22,미국
202410,K-뷰티웰니스,5.71,미국
202410,K-패션,4.3,미국
202410,K-나이트컬처,3.76,미국
202410,K-문화체험,1.97,미국
202410,K-스포츠,0.73,미국
202410,K-공연,0.35,미국
202411,K-라이프스타일푸드,48.1,미국
202411,K-쇼핑,19.63,미국
202411,K-한식,14.63,미국
202411,K-뷰티웰니스,5.73,미국
202411,K-패션,4.14,미국
202411,K-나이트컬처,4.68,미국
202411,K-문화체험,2.02,미국
202411,K-스포츠,0.65,미국
202411,K-공연,0.42,미국
202412,K-라이프스타일푸드,46.82,미국
202412,K-쇼핑,21.28,미국
202412,K-한식,14.36,미국
202412,K-뷰티웰니스,5.83,미국
202412,K-패션,3.78,미국
202412,K-나이트컬처,4.6,미국
202412,K-문화체험,2.24,미국
202412,K-스포츠,0.7,미국
202412,K-공연,0.39,미국
202501,K-라이프스타일푸드,48.81,미국
202501,K-쇼핑,19.88,미국
202501,K-한식,14.52,미국
202501,K-뷰티웰니스,5.46,미국
202501,K-패션,3.22,미국
202501,K-나이트컬처,4.95,미국
202501,K-문화체험,2.11,미국
202501,K-스포츠,0.76,미국
202501,K-공연,0.31,미국
202502,K-라이프스타일푸드,49.17,미국
202502,K-쇼핑,19.42,미국
202502,K-한식,14.88,미국
202502,K-뷰티웰니스,5.3,미국
202502,K-패션,3.09,미국
202502,K-나이트컬처,5.38,미국
202502,K-문화체험,1.78,미국
202502,K-스포츠,0.7,미국
202502,K-공연,0.28,미국
202503,K-라이프스타일푸드,48.54,미국
202503,K-쇼핑,19.78,미국
202503,K-한식,14.1,미국
202503,K-뷰티웰니스,5.52,미국
202503,K-패션,4.06,미국
202503,K-나이트컬처,4.78,미국
202503,K-문화체험,2.26,미국
202503,K-스포츠,0.69,미국
202503,K-공연,0.26,미국
202504,K-라이프스타일푸드,48.21,미국
202504,K-쇼핑,19.81,미국
202504,K-한식,14.33,미국
202504,K-뷰티웰니스,6.2,미국
202504,K-패션,4.52,미국
202504,K-나이트컬처,3.66,미국
202504,K-문화체험,2.33,미국
202504,K-스포츠,0.71,미국
202504,K-공연,0.24,미국
202505,K-라이프스타일푸드,47.98,미국
202505,K-쇼핑,19.57,미국
202505,K-한식,14.11,미국
202505,K-뷰티웰니스,5.76,미국
202505,K-패션,4.49,미국
202505,K-나이트컬처,4.37,미국
202505,K-문화체험,2.53,미국
202505,K-스포츠,0.76,미국
202505,K-공연,0.42,미국
202506,K-라이프스타일푸드,47.8,미국
202506,K-쇼핑,20.61,미국
202506,K-한식,13.39,미국
202506,K-뷰티웰니스,5.8,미국
202506,K-패션,4.71,미국
202506,K-나이트컬처,3.45,미국
202506,K-문화체험,2.97,미국
202506,K-스포츠,0.85,미국
202506,K-공연,0.41,미국
202507,K-라이프스타일푸드,48.55,미국
202507,K-쇼핑,21.07,미국
202507,K-한식,13.13,미국
202507,K-뷰티웰니스,5.52,미국
202507,K-패션,4.18,미국
202507,K-나이트컬처,3.4,미국
202507,K-문화체험,2.88,미국
202507,K-스포츠,0.84,미국
202507,K-공연,0.43,미국
202508,K-라이프스타일푸드,49.2,미국
202508,K-쇼핑,19.81,미국
202508,K-한식,13.34,미국
202508,K-뷰티웰니스,5.3,미국
202508,K-패션,3.9,미국
202508,K-나이트컬처,4.9,미국
202508,K-문화체험,2.58,미국
202508,K-스포츠,0.78,미국
202508,K-공연,0.2,미국
202509,K-라이프스타일푸드,49.26,미국
202509,K-쇼핑,19.44,미국
202509,K-한식,13.93,미국
202509,K-뷰티웰니스,6.0,미국
202509,K-패션,4.19,미국
202509,K-나이트컬처,3.91,미국
202509,K-문화체험,2.35,미국
202509,K-스포츠,0.74,미국
202509,K-공연,0.18,미국
202510,K-라이프스타일푸드,47.43,미국
202510,K-쇼핑,19.94,미국
202510,K-한식,14.49,미국
202510,K-뷰티웰니스,6.15,미국
202510,K-패션,4.64,미국
202510,K-나이트컬처,4.02,미국
202510,K-문화체험,2.4,미국
202510,K-스포츠,0.74,미국
202510,K-공연,0.19,미국
202511,K-라이프스타일푸드,46.14,미국
202511,K-쇼핑,20.49,미국
202511,K-한식,14.16,미국
202511,K-뷰티웰니스,6.45,미국
202511,K-패션,4.83,미국
202511,K-나이트컬처,4.47,미국
202511,K-문화체험,2.57,미국
202511,K-스포츠,0.69,미국
202511,K-공연,0.21,미국
202512,K-라이프스타일푸드,45.97,미국
202512,K-쇼핑,21.67,미국
202512,K-한식,13.67,미국
202512,K-뷰티웰니스,6.34,미국
202512,K-패션,4.41,미국
202512,K-나이트컬처,4.48,미국
202512,K-문화체험,2.51,미국
202512,K-스포츠,0.71,미국
202512,K-공연,0.23,미국
202601,K-라이프스타일푸드,48.05,미국
202601,K-쇼핑,20.0,미국
202601,K-한식,13.97,미국
202601,K-뷰티웰니스,6.0,미국
202601,K-패션,3.74,미국
202601,K-나이트컬처,4.94,미국
202601,K-문화체험,2.33,미국
202601,K-스포츠,0.79,미국
202601,K-공연,0.17,미국
202602,K-라이프스타일푸드,49.7,미국
202602,K-쇼핑,19.32,미국
202602,K-한식,13.93,미국
202602,K-뷰티웰니스,5.56,미국
202602,K-패션,3.58,미국
202602,K-나이트컬처,4.78,미국
202602,K-문화체험,2.25,미국
202602,K-스포츠,0.72,미국
202602,K-공연,0.16,미국
202603,K-라이프스타일푸드,48.67,미국
202603,K-쇼핑,19.51,미국
202603,K-한식,13.87,미국
202603,K-뷰티웰니스,6.13,미국
202603,K-패션,4.7,미국
202603,K-나이트컬처,3.71,미국
202603,K-문화체험,2.51,미국
202603,K-스포츠,0.71,미국
202603,K-공연,0.19,미국
202604,K-라이프스타일푸드,47.68,미국
202604,K-쇼핑,19.81,미국
202604,K-한식,14.16,미국
202604,K-뷰티웰니스,6.56,미국
202604,K-패션,5.13,미국
202604,K-나이트컬처,3.24,미국
202604,K-문화체험,2.48,미국
202604,K-스포츠,0.74,미국
202604,K-공연,0.19,미국
201801,K-라이프스타일푸드,24.72,중국
201801,K-한식,11.06,중국
201801,K-쇼핑,50.98,중국
201801,K-패션,7.43,중국
201801,K-뷰티웰니스,4.5,중국
201801,K-문화체험,0.3,중국
201801,K-나이트컬처,0.58,중국
201801,K-스포츠,0.17,중국
201801,K-공연,0.25,중국
201802,K-라이프스타일푸드,24.99,중국
201802,K-한식,12.61,중국
201802,K-쇼핑,48.0,중국
201802,K-패션,8.31,중국
201802,K-뷰티웰니스,4.43,중국
201802,K-문화체험,0.45,중국
201802,K-나이트컬처,0.51,중국
201802,K-스포츠,0.36,중국
201802,K-공연,0.34,중국
201803,K-라이프스타일푸드,25.39,중국
201803,K-한식,11.4,중국
201803,K-쇼핑,47.5,중국
201803,K-패션,9.64,중국
201803,K-뷰티웰니스,4.82,중국
201803,K-문화체험,0.35,중국
201803,K-나이트컬처,0.55,중국
201803,K-스포츠,0.18,중국
201803,K-공연,0.19,중국
201804,K-라이프스타일푸드,25.15,중국
201804,K-한식,11.61,중국
201804,K-쇼핑,47.23,중국
201804,K-패션,9.91,중국
201804,K-뷰티웰니스,4.54,중국
201804,K-문화체험,0.46,중국
201804,K-나이트컬처,0.55,중국
201804,K-스포츠,0.25,중국
201804,K-공연,0.3,중국
201805,K-라이프스타일푸드,26.28,중국
201805,K-한식,11.86,중국
201805,K-쇼핑,46.66,중국
201805,K-패션,8.84,중국
201805,K-뷰티웰니스,4.66,중국
201805,K-문화체험,0.47,중국
201805,K-나이트컬처,0.64,중국
201805,K-스포츠,0.31,중국
201805,K-공연,0.28,중국
201806,K-라이프스타일푸드,26.28,중국
201806,K-한식,12.1,중국
201806,K-쇼핑,45.3,중국
201806,K-패션,9.63,중국
201806,K-뷰티웰니스,4.9,중국
201806,K-문화체험,0.51,중국
201806,K-나이트컬처,0.66,중국
201806,K-스포츠,0.36,중국
201806,K-공연,0.25,중국
201807,K-라이프스타일푸드,27.5,중국
201807,K-한식,12.69,중국
201807,K-쇼핑,43.55,중국
201807,K-패션,9.29,중국
201807,K-뷰티웰니스,4.79,중국
201807,K-문화체험,0.72,중국
201807,K-나이트컬처,0.66,중국
201807,K-스포츠,0.47,중국
201807,K-공연,0.34,중국
201808,K-라이프스타일푸드,27.85,중국
201808,K-한식,13.1,중국
201808,K-쇼핑,43.18,중국
201808,K-패션,9.12,중국
201808,K-뷰티웰니스,4.53,중국
201808,K-문화체험,0.75,중국
201808,K-나이트컬처,0.59,중국
201808,K-스포츠,0.54,중국
201808,K-공연,0.34,중국
201809,K-라이프스타일푸드,28.37,중국
201809,K-한식,13.54,중국
201809,K-쇼핑,42.8,중국
201809,K-패션,8.95,중국
201809,K-뷰티웰니스,4.5,중국
201809,K-문화체험,0.52,중국
201809,K-나이트컬처,0.71,중국
201809,K-스포츠,0.39,중국
201809,K-공연,0.22,중국
201810,K-라이프스타일푸드,28.96,중국
201810,K-한식,14.93,중국
201810,K-쇼핑,40.7,중국
201810,K-패션,8.96,중국
201810,K-뷰티웰니스,4.35,중국
201810,K-문화체험,0.69,중국
201810,K-나이트컬처,0.68,중국
201810,K-스포츠,0.41,중국
201810,K-공연,0.33,중국
201811,K-라이프스타일푸드,30.77,중국
201811,K-한식,14.17,중국
201811,K-쇼핑,40.26,중국
201811,K-패션,8.4,중국
201811,K-뷰티웰니스,4.62,중국
201811,K-문화체험,0.52,중국
201811,K-나이트컬처,0.78,중국
201811,K-스포츠,0.25,중국
201811,K-공연,0.23,중국
201812,K-라이프스타일푸드,29.03,중국
201812,K-한식,14.09,중국
201812,K-쇼핑,41.78,중국
201812,K-패션,8.58,중국
201812,K-뷰티웰니스,4.68,중국
201812,K-문화체험,0.53,중국
201812,K-나이트컬처,0.77,중국
201812,K-스포츠,0.29,중국
201812,K-공연,0.25,중국
201901,K-라이프스타일푸드,28.89,중국
201901,K-한식,14.84,중국
201901,K-쇼핑,41.29,중국
201901,K-패션,8.4,중국
201901,K-뷰티웰니스,4.63,중국
201901,K-문화체험,0.46,중국
201901,K-나이트컬처,0.74,중국
201901,K-스포츠,0.51,중국
201901,K-공연,0.24,중국
201902,K-라이프스타일푸드,27.57,중국
201902,K-한식,15.33,중국
201902,K-쇼핑,43.08,중국
201902,K-패션,7.42,중국
201902,K-뷰티웰니스,3.96,중국
201902,K-문화체험,0.64,중국
201902,K-나이트컬처,0.66,중국
201902,K-스포츠,1.0,중국
201902,K-공연,0.35,중국
201903,K-라이프스타일푸드,29.24,중국
201903,K-한식,14.13,중국
201903,K-쇼핑,42.71,중국
201903,K-패션,7.62,중국
201903,K-뷰티웰니스,4.51,중국
201903,K-문화체험,0.51,중국
201903,K-나이트컬처,0.75,중국
201903,K-스포츠,0.26,중국
201903,K-공연,0.28,중국
201904,K-라이프스타일푸드,30.98,중국
201904,K-한식,15.23,중국
201904,K-쇼핑,39.01,중국
201904,K-패션,8.11,중국
201904,K-뷰티웰니스,4.52,중국
201904,K-문화체험,0.65,중국
201904,K-나이트컬처,0.73,중국
201904,K-스포츠,0.37,중국
201904,K-공연,0.4,중국
201905,K-라이프스타일푸드,31.6,중국
201905,K-한식,15.31,중국
201905,K-쇼핑,37.89,중국
201905,K-패션,8.36,중국
201905,K-뷰티웰니스,4.45,중국
201905,K-문화체험,0.73,중국
201905,K-나이트컬처,0.83,중국
201905,K-스포츠,0.47,중국
201905,K-공연,0.35,중국
201906,K-라이프스타일푸드,32.17,중국
201906,K-한식,15.79,중국
201906,K-쇼핑,36.29,중국
201906,K-패션,8.58,중국
201906,K-뷰티웰니스,4.63,중국
201906,K-문화체험,0.73,중국
201906,K-나이트컬처,0.87,중국
201906,K-스포츠,0.52,중국
201906,K-공연,0.43,중국
201907,K-라이프스타일푸드,33.05,중국
201907,K-한식,16.49,중국
201907,K-쇼핑,34.7,중국
201907,K-패션,8.35,중국
201907,K-뷰티웰니스,4.7,중국
201907,K-문화체험,0.78,중국
201907,K-나이트컬처,0.8,중국
201907,K-스포츠,0.64,중국
201907,K-공연,0.5,중국
201908,K-라이프스타일푸드,32.74,중국
201908,K-한식,16.69,중국
201908,K-쇼핑,36.72,중국
201908,K-패션,6.79,중국
201908,K-뷰티웰니스,4.05,중국
201908,K-문화체험,0.95,중국
201908,K-나이트컬처,0.78,중국
201908,K-스포츠,0.84,중국
201908,K-공연,0.43,중국
201909,K-라이프스타일푸드,34.43,중국
201909,K-한식,16.96,중국
201909,K-쇼핑,35.39,중국
201909,K-패션,6.82,중국
201909,K-뷰티웰니스,3.92,중국
201909,K-문화체험,0.69,중국
201909,K-나이트컬처,0.86,중국
201909,K-스포츠,0.48,중국
201909,K-공연,0.45,중국
201910,K-라이프스타일푸드,35.27,중국
201910,K-한식,18.59,중국
201910,K-쇼핑,31.97,중국
201910,K-패션,7.22,중국
201910,K-뷰티웰니스,4.07,중국
201910,K-문화체험,0.82,중국
201910,K-나이트컬처,0.9,중국
201910,K-스포츠,0.55,중국
201910,K-공연,0.62,중국
201911,K-라이프스타일푸드,36.04,중국
201911,K-한식,17.6,중국
201911,K-쇼핑,33.15,중국
201911,K-패션,6.5,중국
201911,K-뷰티웰니스,4.39,중국
201911,K-문화체험,0.7,중국
201911,K-나이트컬처,0.97,중국
201911,K-스포츠,0.34,중국
201911,K-공연,0.31,중국
201912,K-라이프스타일푸드,35.11,중국
201912,K-한식,17.77,중국
201912,K-쇼핑,32.91,중국
201912,K-패션,7.17,중국
201912,K-뷰티웰니스,4.8,중국
201912,K-문화체험,0.68,중국
201912,K-나이트컬처,0.93,중국
201912,K-스포츠,0.37,중국
201912,K-공연,0.25,중국
202001,K-라이프스타일푸드,34.39,중국
202001,K-한식,17.68,중국
202001,K-쇼핑,31.8,중국
202001,K-패션,6.81,중국
202001,K-뷰티웰니스,6.71,중국
202001,K-문화체험,0.67,중국
202001,K-나이트컬처,0.84,중국
202001,K-스포츠,0.82,중국
202001,K-공연,0.27,중국
202002,K-라이프스타일푸드,40.15,중국
202002,K-한식,13.91,중국
202002,K-쇼핑,30.33,중국
202002,K-패션,3.5,중국
202002,K-뷰티웰니스,9.77,중국
202002,K-문화체험,0.74,중국
202002,K-나이트컬처,0.91,중국
202002,K-스포츠,0.51,중국
202002,K-공연,0.19,중국
202003,K-라이프스타일푸드,47.41,중국
202003,K-한식,13.02,중국
202003,K-쇼핑,30.35,중국
202003,K-패션,2.1,중국
202003,K-뷰티웰니스,4.97,중국
202003,K-문화체험,0.71,중국
202003,K-나이트컬처,0.84,중국
202003,K-스포츠,0.56,중국
202003,K-공연,0.05,중국
202004,K-라이프스타일푸드,46.5,중국
202004,K-한식,14.19,중국
202004,K-쇼핑,29.26,중국
202004,K-패션,2.92,중국
202004,K-뷰티웰니스,4.66,중국
202004,K-문화체험,0.68,중국
202004,K-나이트컬처,1.09,중국
202004,K-스포츠,0.65,중국
202004,K-공연,0.05,중국
202005,K-라이프스타일푸드,47.42,중국
202005,K-한식,15.08,중국
202005,K-쇼핑,26.85,중국
202005,K-패션,3.32,중국
202005,K-뷰티웰니스,4.41,중국
202005,K-문화체험,1.0,중국
202005,K-나이트컬처,1.2,중국
202005,K-스포츠,0.63,중국
202005,K-공연,0.09,중국
202006,K-라이프스타일푸드,49.0,중국
202006,K-한식,15.94,중국
202006,K-쇼핑,24.64,중국
202006,K-패션,3.12,중국
202006,K-뷰티웰니스,4.42,중국
202006,K-문화체험,0.96,중국
202006,K-나이트컬처,1.21,중국
202006,K-스포츠,0.61,중국
202006,K-공연,0.09,중국
202007,K-라이프스타일푸드,48.17,중국
202007,K-한식,16.65,중국
202007,K-쇼핑,24.41,중국
202007,K-패션,3.1,중국
202007,K-뷰티웰니스,4.38,중국
202007,K-문화체험,1.07,중국
202007,K-나이트컬처,1.31,중국
202007,K-스포츠,0.63,중국
202007,K-공연,0.29,중국
202008,K-라이프스타일푸드,48.57,중국
202008,K-한식,15.9,중국
202008,K-쇼핑,25.83,중국
202008,K-패션,2.45,중국
202008,K-뷰티웰니스,4.27,중국
202008,K-문화체험,0.83,중국
202008,K-나이트컬처,1.33,중국
202008,K-스포츠,0.64,중국
202008,K-공연,0.18,중국
202009,K-라이프스타일푸드,47.92,중국
202009,K-한식,15.28,중국
202009,K-쇼핑,26.46,중국
202009,K-패션,3.2,중국
202009,K-뷰티웰니스,5.0,중국
202009,K-문화체험,0.42,중국
202009,K-나이트컬처,1.1,중국
202009,K-스포츠,0.51,중국
202009,K-공연,0.12,중국
202010,K-라이프스타일푸드,48.33,중국
202010,K-한식,16.18,중국
202010,K-쇼핑,24.55,중국
202010,K-패션,3.79,중국
202010,K-뷰티웰니스,4.31,중국
202010,K-문화체험,0.78,중국
202010,K-나이트컬처,1.36,중국
202010,K-스포츠,0.58,중국
202010,K-공연,0.11,중국
202011,K-라이프스타일푸드,49.08,중국
202011,K-한식,16.25,중국
202011,K-쇼핑,23.92,중국
202011,K-패션,3.33,중국
202011,K-뷰티웰니스,4.63,중국
202011,K-문화체험,0.92,중국
202011,K-나이트컬처,1.24,중국
202011,K-스포츠,0.54,중국
202011,K-공연,0.09,중국
202012,K-라이프스타일푸드,49.09,중국
202012,K-한식,13.93,중국
202012,K-쇼핑,27.62,중국
202012,K-패션,2.83,중국
202012,K-뷰티웰니스,5.04,중국
202012,K-문화체험,0.43,중국
202012,K-나이트컬처,0.74,중국
202012,K-스포츠,0.26,중국
202012,K-공연,0.06,중국
202101,K-라이프스타일푸드,49.24,중국
202101,K-한식,13.7,중국
202101,K-쇼핑,28.32,중국
202101,K-패션,2.48,중국
202101,K-뷰티웰니스,4.76,중국
202101,K-문화체험,0.45,중국
202101,K-나이트컬처,0.77,중국
202101,K-스포츠,0.23,중국
202101,K-공연,0.05,중국
202102,K-라이프스타일푸드,46.97,중국
202102,K-한식,13.66,중국
202102,K-쇼핑,29.36,중국
202102,K-패션,2.97,중국
202102,K-뷰티웰니스,4.73,중국
202102,K-문화체험,0.78,중국
202102,K-나이트컬처,0.92,중국
202102,K-스포츠,0.49,중국
202102,K-공연,0.1,중국
202103,K-라이프스타일푸드,48.27,중국
202103,K-한식,14.98,중국
202103,K-쇼핑,26.6,중국
202103,K-패션,2.8,중국
202103,K-뷰티웰니스,4.86,중국
202103,K-문화체험,0.74,중국
202103,K-나이트컬처,1.1,중국
202103,K-스포츠,0.56,중국
202103,K-공연,0.1,중국
202104,K-라이프스타일푸드,49.67,중국
202104,K-한식,15.96,중국
202104,K-쇼핑,24.55,중국
202104,K-패션,2.88,중국
202104,K-뷰티웰니스,4.54,중국
202104,K-문화체험,0.6,중국
202104,K-나이트컬처,1.11,중국
202104,K-스포츠,0.57,중국
202104,K-공연,0.13,중국
202105,K-라이프스타일푸드,49.1,중국
202105,K-한식,15.7,중국
202105,K-쇼핑,24.77,중국
202105,K-패션,2.84,중국
202105,K-뷰티웰니스,4.72,중국
202105,K-문화체험,0.89,중국
202105,K-나이트컬처,1.22,중국
202105,K-스포츠,0.66,중국
202105,K-공연,0.1,중국
202106,K-라이프스타일푸드,48.71,중국
202106,K-한식,15.26,중국
202106,K-쇼핑,24.72,중국
202106,K-패션,3.21,중국
202106,K-뷰티웰니스,5.09,중국
202106,K-문화체험,0.87,중국
202106,K-나이트컬처,1.33,중국
202106,K-스포츠,0.66,중국
202106,K-공연,0.13,중국
202107,K-라이프스타일푸드,49.64,중국
202107,K-한식,14.13,중국
202107,K-쇼핑,25.93,중국
202107,K-패션,2.6,중국
202107,K-뷰티웰니스,4.89,중국
202107,K-문화체험,0.75,중국
202107,K-나이트컬처,1.08,중국
202107,K-스포츠,0.79,중국
202107,K-공연,0.19,중국
202108,K-라이프스타일푸드,50.24,중국
202108,K-한식,16.26,중국
202108,K-쇼핑,24.57,중국
202108,K-패션,2.22,중국
202108,K-뷰티웰니스,4.55,중국
202108,K-문화체험,0.69,중국
202108,K-나이트컬처,0.77,중국
202108,K-스포츠,0.6,중국
202108,K-공연,0.11,중국
202109,K-라이프스타일푸드,49.19,중국
202109,K-한식,15.41,중국
202109,K-쇼핑,25.42,중국
202109,K-패션,3.13,중국
202109,K-뷰티웰니스,4.79,중국
202109,K-문화체험,0.59,중국
202109,K-나이트컬처,0.87,중국
202109,K-스포츠,0.47,중국
202109,K-공연,0.12,중국
202110,K-라이프스타일푸드,48.96,중국
202110,K-한식,15.68,중국
202110,K-쇼핑,24.34,중국
202110,K-패션,3.87,중국
202110,K-뷰티웰니스,4.81,중국
202110,K-문화체험,0.64,중국
202110,K-나이트컬처,1.02,중국
202110,K-스포츠,0.52,중국
202110,K-공연,0.16,중국
202111,K-라이프스타일푸드,48.85,중국
202111,K-한식,17.07,중국
202111,K-쇼핑,23.16,중국
202111,K-패션,3.31,중국
202111,K-뷰티웰니스,4.78,중국
202111,K-문화체험,0.88,중국
202111,K-나이트컬처,1.37,중국
202111,K-스포츠,0.48,중국
202111,K-공연,0.1,중국
202112,K-라이프스타일푸드,46.98,중국
202112,K-한식,15.37,중국
202112,K-쇼핑,27.02,중국
202112,K-패션,2.8,중국
202112,K-뷰티웰니스,5.53,중국
202112,K-문화체험,0.68,중국
202112,K-나이트컬처,1.06,중국
202112,K-스포츠,0.41,중국
202112,K-공연,0.15,중국
202201,K-라이프스타일푸드,47.95,중국
202201,K-한식,13.87,중국
202201,K-쇼핑,28.22,중국
202201,K-패션,2.51,중국
202201,K-뷰티웰니스,5.35,중국
202201,K-문화체험,0.63,중국
202201,K-나이트컬처,0.88,중국
202201,K-스포츠,0.47,중국
202201,K-공연,0.13,중국
202202,K-라이프스타일푸드,48.64,중국
202202,K-한식,13.01,중국
202202,K-쇼핑,28.3,중국
202202,K-패션,2.16,중국
202202,K-뷰티웰니스,5.66,중국
202202,K-문화체험,0.58,중국
202202,K-나이트컬처,0.98,중국
202202,K-스포츠,0.55,중국
202202,K-공연,0.11,중국
202203,K-라이프스타일푸드,48.32,중국
202203,K-한식,14.33,중국
202203,K-쇼핑,26.87,중국
202203,K-패션,2.67,중국
202203,K-뷰티웰니스,5.76,중국
202203,K-문화체험,0.57,중국
202203,K-나이트컬처,0.98,중국
202203,K-스포츠,0.42,중국
202203,K-공연,0.09,중국
202204,K-라이프스타일푸드,50.21,중국
202204,K-한식,15.19,중국
202204,K-쇼핑,24.02,중국
202204,K-패션,3.28,중국
202204,K-뷰티웰니스,4.7,중국
202204,K-문화체험,0.88,중국
202204,K-나이트컬처,1.07,중국
202204,K-스포츠,0.5,중국
202204,K-공연,0.13,중국
202205,K-라이프스타일푸드,50.76,중국
202205,K-한식,15.24,중국
202205,K-쇼핑,23.07,중국
202205,K-패션,3.07,중국
202205,K-뷰티웰니스,4.46,중국
202205,K-문화체험,1.18,중국
202205,K-나이트컬처,1.33,중국
202205,K-스포츠,0.66,중국
202205,K-공연,0.23,중국
202206,K-라이프스타일푸드,48.9,중국
202206,K-한식,15.82,중국
202206,K-쇼핑,23.86,중국
202206,K-패션,3.03,중국
202206,K-뷰티웰니스,4.87,중국
202206,K-문화체험,1.14,중국
202206,K-나이트컬처,1.49,중국
202206,K-스포츠,0.64,중국
202206,K-공연,0.26,중국
202207,K-라이프스타일푸드,47.99,중국
202207,K-한식,15.28,중국
202207,K-쇼핑,24.74,중국
202207,K-패션,3.33,중국
202207,K-뷰티웰니스,4.98,중국
202207,K-문화체험,1.24,중국
202207,K-나이트컬처,1.46,중국
202207,K-스포츠,0.69,중국
202207,K-공연,0.3,중국
202208,K-라이프스타일푸드,47.15,중국
202208,K-한식,15.47,중국
202208,K-쇼핑,25.57,중국
202208,K-패션,3.26,중국
202208,K-뷰티웰니스,5.43,중국
202208,K-문화체험,1.06,중국
202208,K-나이트컬처,1.25,중국
202208,K-스포츠,0.6,중국
202208,K-공연,0.21,중국
202209,K-라이프스타일푸드,47.58,중국
202209,K-한식,16.72,중국
202209,K-쇼핑,24.99,중국
202209,K-패션,3.65,중국
202209,K-뷰티웰니스,4.6,중국
202209,K-문화체험,0.92,중국
202209,K-나이트컬처,1.07,중국
202209,K-스포츠,0.36,중국
202209,K-공연,0.11,중국
202210,K-라이프스타일푸드,48.82,중국
202210,K-한식,16.98,중국
202210,K-쇼핑,23.05,중국
202210,K-패션,3.92,중국
202210,K-뷰티웰니스,4.47,중국
202210,K-문화체험,1.09,중국
202210,K-나이트컬처,1.18,중국
202210,K-스포츠,0.39,중국
202210,K-공연,0.11,중국
202211,K-라이프스타일푸드,50.01,중국
202211,K-한식,17.55,중국
202211,K-쇼핑,21.79,중국
202211,K-패션,3.23,중국
202211,K-뷰티웰니스,4.66,중국
202211,K-문화체험,0.97,중국
202211,K-나이트컬처,1.32,중국
202211,K-스포츠,0.35,중국
202211,K-공연,0.13,중국
202212,K-라이프스타일푸드,46.13,중국
202212,K-한식,16.56,중국
202212,K-쇼핑,23.95,중국
202212,K-패션,3.97,중국
202212,K-뷰티웰니스,6.5,중국
202212,K-문화체험,1.17,중국
202212,K-나이트컬처,1.24,중국
202212,K-스포츠,0.3,중국
202212,K-공연,0.17,중국
202301,K-라이프스타일푸드,44.88,중국
202301,K-한식,16.4,중국
202301,K-쇼핑,25.87,중국
202301,K-패션,4.15,중국
202301,K-뷰티웰니스,5.64,중국
202301,K-문화체험,1.18,중국
202301,K-나이트컬처,1.25,중국
202301,K-스포츠,0.37,중국
202301,K-공연,0.26,중국
202302,K-라이프스타일푸드,45.81,중국
202302,K-한식,16.82,중국
202302,K-쇼핑,25.45,중국
202302,K-패션,3.63,중국
202302,K-뷰티웰니스,5.18,중국
202302,K-문화체험,1.2,중국
202302,K-나이트컬처,1.31,중국
202302,K-스포츠,0.43,중국
202302,K-공연,0.18,중국
202303,K-라이프스타일푸드,46.96,중국
202303,K-한식,17.97,중국
202303,K-쇼핑,23.94,중국
202303,K-패션,3.97,중국
202303,K-뷰티웰니스,4.44,중국
202303,K-문화체험,1.17,중국
202303,K-나이트컬처,1.08,중국
202303,K-스포츠,0.35,중국
202303,K-공연,0.1,중국
202304,K-라이프스타일푸드,46.5,중국
202304,K-한식,17.99,중국
202304,K-쇼핑,22.46,중국
202304,K-패션,5.44,중국
202304,K-뷰티웰니스,4.59,중국
202304,K-문화체험,1.31,중국
202304,K-나이트컬처,1.17,중국
202304,K-스포츠,0.38,중국
202304,K-공연,0.17,중국
202305,K-라이프스타일푸드,45.65,중국
202305,K-한식,17.25,중국
202305,K-쇼핑,22.69,중국
202305,K-패션,6.23,중국
202305,K-뷰티웰니스,4.95,중국
202305,K-문화체험,1.48,중국
202305,K-나이트컬처,1.1,중국
202305,K-스포츠,0.4,중국
202305,K-공연,0.24,중국
202306,K-라이프스타일푸드,44.64,중국
202306,K-한식,16.71,중국
202306,K-쇼핑,22.12,중국
202306,K-패션,7.05,중국
202306,K-뷰티웰니스,5.71,중국
202306,K-문화체험,2.0,중국
202306,K-나이트컬처,1.07,중국
202306,K-스포츠,0.37,중국
202306,K-공연,0.34,중국
202307,K-라이프스타일푸드,43.05,중국
202307,K-한식,16.24,중국
202307,K-쇼핑,22.78,중국
202307,K-패션,6.64,중국
202307,K-뷰티웰니스,5.59,중국
202307,K-문화체험,3.94,중국
202307,K-나이트컬처,0.86,중국
202307,K-스포츠,0.39,중국
202307,K-공연,0.5,중국
202308,K-라이프스타일푸드,43.01,중국
202308,K-한식,17.0,중국
202308,K-쇼핑,23.24,중국
202308,K-패션,6.05,중국
202308,K-뷰티웰니스,5.53,중국
202308,K-문화체험,3.02,중국
202308,K-나이트컬처,0.87,중국
202308,K-스포츠,0.53,중국
202308,K-공연,0.73,중국
202309,K-라이프스타일푸드,45.87,중국
202309,K-한식,18.71,중국
202309,K-쇼핑,21.72,중국
202309,K-패션,5.17,중국
202309,K-뷰티웰니스,4.74,중국
202309,K-문화체험,2.01,중국
202309,K-나이트컬처,1.02,중국
202309,K-스포츠,0.37,중국
202309,K-공연,0.39,중국
202310,K-라이프스타일푸드,46.07,중국
202310,K-한식,18.78,중국
202310,K-쇼핑,20.88,중국
202310,K-패션,5.5,중국
202310,K-뷰티웰니스,4.71,중국
202310,K-문화체험,2.2,중국
202310,K-나이트컬처,1.02,중국
202310,K-스포츠,0.47,중국
202310,K-공연,0.37,중국
202311,K-라이프스타일푸드,46.35,중국
202311,K-한식,18.78,중국
202311,K-쇼핑,21.11,중국
202311,K-패션,5.05,중국
202311,K-뷰티웰니스,5.14,중국
202311,K-문화체험,1.95,중국
202311,K-나이트컬처,1.07,중국
202311,K-스포츠,0.32,중국
202311,K-공연,0.22,중국
202312,K-라이프스타일푸드,44.13,중국
202312,K-한식,17.57,중국
202312,K-쇼핑,21.25,중국
202312,K-패션,5.78,중국
202312,K-뷰티웰니스,5.95,중국
202312,K-문화체험,3.66,중국
202312,K-나이트컬처,1.08,중국
202312,K-스포츠,0.35,중국
202312,K-공연,0.22,중국
202401,K-라이프스타일푸드,44.04,중국
202401,K-한식,18.26,중국
202401,K-쇼핑,21.22,중국
202401,K-패션,5.97,중국
202401,K-뷰티웰니스,6.07,중국
202401,K-문화체험,2.63,중국
202401,K-나이트컬처,1.05,중국
202401,K-스포츠,0.39,중국
202401,K-공연,0.37,중국
202402,K-라이프스타일푸드,41.5,중국
202402,K-한식,17.62,중국
202402,K-쇼핑,22.65,중국
202402,K-패션,6.52,중국
202402,K-뷰티웰니스,5.52,중국
202402,K-문화체험,4.27,중국
202402,K-나이트컬처,0.92,중국
202402,K-스포츠,0.51,중국
202402,K-공연,0.47,중국
202403,K-라이프스타일푸드,46.82,중국
202403,K-한식,17.93,중국
202403,K-쇼핑,21.23,중국
202403,K-패션,4.73,중국
202403,K-뷰티웰니스,5.15,중국
202403,K-문화체험,2.5,중국
202403,K-나이트컬처,0.94,중국
202403,K-스포츠,0.38,중국
202403,K-공연,0.32,중국
202404,K-라이프스타일푸드,46.06,중국
202404,K-한식,17.74,중국
202404,K-쇼핑,19.18,중국
202404,K-패션,6.04,중국
202404,K-뷰티웰니스,5.57,중국
202404,K-문화체험,3.73,중국
202404,K-나이트컬처,0.97,중국
202404,K-스포츠,0.42,중국
202404,K-공연,0.29,중국
202405,K-라이프스타일푸드,45.35,중국
202405,K-한식,17.35,중국
202405,K-쇼핑,19.38,중국
202405,K-패션,6.18,중국
202405,K-뷰티웰니스,5.17,중국
202405,K-문화체험,4.67,중국
202405,K-나이트컬처,0.98,중국
202405,K-스포츠,0.6,중국
202405,K-공연,0.32,중국
202406,K-라이프스타일푸드,45.25,중국
202406,K-한식,16.98,중국
202406,K-쇼핑,19.44,중국
202406,K-패션,6.47,중국
202406,K-뷰티웰니스,6.02,중국
202406,K-문화체험,3.94,중국
202406,K-나이트컬처,1.05,중국
202406,K-스포츠,0.52,중국
202406,K-공연,0.33,중국
202407,K-라이프스타일푸드,42.19,중국
202407,K-한식,17.03,중국
202407,K-쇼핑,20.46,중국
202407,K-패션,6.54,중국
202407,K-뷰티웰니스,6.33,중국
202407,K-문화체험,5.6,중국
202407,K-나이트컬처,0.87,중국
202407,K-스포츠,0.53,중국
202407,K-공연,0.45,중국
202408,K-라이프스타일푸드,43.13,중국
202408,K-한식,17.03,중국
202408,K-쇼핑,22.0,중국
202408,K-패션,5.96,중국
202408,K-뷰티웰니스,5.85,중국
202408,K-문화체험,3.85,중국
202408,K-나이트컬처,0.88,중국
202408,K-스포츠,0.62,중국
202408,K-공연,0.68,중국
202409,K-라이프스타일푸드,48.3,중국
202409,K-한식,17.85,중국
202409,K-쇼핑,19.82,중국
202409,K-패션,4.46,중국
202409,K-뷰티웰니스,4.85,중국
202409,K-문화체험,3.01,중국
202409,K-나이트컬처,0.95,중국
202409,K-스포츠,0.45,중국
202409,K-공연,0.32,중국
202410,K-라이프스타일푸드,48.22,중국
202410,K-한식,18.32,중국
202410,K-쇼핑,18.85,중국
202410,K-패션,4.61,중국
202410,K-뷰티웰니스,4.57,중국
202410,K-문화체험,3.61,중국
202410,K-나이트컬처,0.99,중국
202410,K-스포츠,0.51,중국
202410,K-공연,0.33,중국
202411,K-라이프스타일푸드,49.35,중국
202411,K-한식,17.83,중국
202411,K-쇼핑,18.76,중국
202411,K-패션,4.01,중국
202411,K-뷰티웰니스,5.02,중국
202411,K-문화체험,3.35,중국
202411,K-나이트컬처,1.14,중국
202411,K-스포츠,0.37,중국
202411,K-공연,0.16,중국
202412,K-라이프스타일푸드,46.39,중국
202412,K-한식,17.53,중국
202412,K-쇼핑,19.29,중국
202412,K-패션,4.6,중국
202412,K-뷰티웰니스,5.73,중국
202412,K-문화체험,4.79,중국
202412,K-나이트컬처,1.1,중국
202412,K-스포츠,0.36,중국
202412,K-공연,0.22,중국
202501,K-라이프스타일푸드,42.9,중국
202501,K-한식,18.1,중국
202501,K-쇼핑,20.46,중국
202501,K-패션,5.16,중국
202501,K-뷰티웰니스,6.23,중국
202501,K-문화체험,5.32,중국
202501,K-나이트컬처,1.03,중국
202501,K-스포츠,0.49,중국
202501,K-공연,0.31,중국
202502,K-라이프스타일푸드,42.3,중국
202502,K-한식,18.22,중국
202502,K-쇼핑,21.99,중국
202502,K-패션,5.03,중국
202502,K-뷰티웰니스,6.23,중국
202502,K-문화체험,4.34,중국
202502,K-나이트컬처,1.02,중국
202502,K-스포츠,0.59,중국
202502,K-공연,0.29,중국
202503,K-라이프스타일푸드,47.29,중국
202503,K-한식,17.63,중국
202503,K-쇼핑,20.02,중국
202503,K-패션,4.33,중국
202503,K-뷰티웰니스,5.5,중국
202503,K-문화체험,3.76,중국
202503,K-나이트컬처,0.95,중국
202503,K-스포츠,0.35,중국
202503,K-공연,0.16,중국
202504,K-라이프스타일푸드,47.67,중국
202504,K-한식,18.07,중국
202504,K-쇼핑,18.09,중국
202504,K-패션,5.05,중국
202504,K-뷰티웰니스,5.65,중국
202504,K-문화체험,3.74,중국
202504,K-나이트컬처,1.1,중국
202504,K-스포츠,0.43,중국
202504,K-공연,0.2,중국
202505,K-라이프스타일푸드,46.43,중국
202505,K-한식,17.88,중국
202505,K-쇼핑,18.46,중국
202505,K-패션,5.23,중국
202505,K-뷰티웰니스,5.74,중국
202505,K-문화체험,4.49,중국
202505,K-나이트컬처,1.06,중국
202505,K-스포츠,0.48,중국
202505,K-공연,0.24,중국
202506,K-라이프스타일푸드,45.95,중국
202506,K-한식,17.16,중국
202506,K-쇼핑,18.05,중국
202506,K-패션,5.6,중국
202506,K-뷰티웰니스,6.45,중국
202506,K-문화체험,5.07,중국
202506,K-나이트컬처,1.06,중국
202506,K-스포츠,0.44,중국
202506,K-공연,0.22,중국
202507,K-라이프스타일푸드,42.1,중국
202507,K-한식,17.38,중국
202507,K-쇼핑,19.58,중국
202507,K-패션,6.51,중국
202507,K-뷰티웰니스,6.9,중국
202507,K-문화체험,5.83,중국
202507,K-나이트컬처,0.89,중국
202507,K-스포츠,0.5,중국
202507,K-공연,0.31,중국
202508,K-라이프스타일푸드,42.68,중국
202508,K-한식,17.33,중국
202508,K-쇼핑,21.13,중국
202508,K-패션,5.84,중국
202508,K-뷰티웰니스,6.08,중국
202508,K-문화체험,5.19,중국
202508,K-나이트컬처,0.88,중국
202508,K-스포츠,0.55,중국
202508,K-공연,0.31,중국
202509,K-라이프스타일푸드,48.48,중국
202509,K-한식,18.26,중국
202509,K-쇼핑,18.85,중국
202509,K-패션,4.29,중국
202509,K-뷰티웰니스,5.39,중국
202509,K-문화체험,3.19,중국
202509,K-나이트컬처,0.91,중국
202509,K-스포츠,0.4,중국
202509,K-공연,0.22,중국
202510,K-라이프스타일푸드,47.92,중국
202510,K-한식,18.19,중국
202510,K-쇼핑,18.29,중국
202510,K-패션,4.56,중국
202510,K-뷰티웰니스,4.87,중국
202510,K-문화체험,4.46,중국
202510,K-나이트컬처,1.06,중국
202510,K-스포츠,0.44,중국
202510,K-공연,0.22,중국
202511,K-라이프스타일푸드,49.14,중국
202511,K-한식,18.0,중국
202511,K-쇼핑,18.36,중국
202511,K-패션,4.09,중국
202511,K-뷰티웰니스,5.77,중국
202511,K-문화체험,2.99,중국
202511,K-나이트컬처,1.13,중국
202511,K-스포츠,0.33,중국
202511,K-공연,0.18,중국
202512,K-라이프스타일푸드,45.11,중국
202512,K-한식,18.01,중국
202512,K-쇼핑,19.13,중국
202512,K-패션,5.06,중국
202512,K-뷰티웰니스,6.71,중국
202512,K-문화체험,4.31,중국
202512,K-나이트컬처,1.12,중국
202512,K-스포츠,0.34,중국
202512,K-공연,0.21,중국
202601,K-라이프스타일푸드,40.85,중국
202601,K-한식,18.41,중국
202601,K-쇼핑,20.24,중국
202601,K-패션,6.14,중국
202601,K-뷰티웰니스,7.36,중국
202601,K-문화체험,5.24,중국
202601,K-나이트컬처,1.07,중국
202601,K-스포츠,0.44,중국
202601,K-공연,0.26,중국
202602,K-라이프스타일푸드,39.34,중국
202602,K-한식,18.77,중국
202602,K-쇼핑,22.54,중국
202602,K-패션,6.41,중국
202602,K-뷰티웰니스,6.05,중국
202602,K-문화체험,4.84,중국
202602,K-나이트컬처,0.87,중국
202602,K-스포츠,0.76,중국
202602,K-공연,0.42,중국
202603,K-라이프스타일푸드,47.06,중국
202603,K-한식,18.19,중국
202603,K-쇼핑,18.99,중국
202603,K-패션,4.75,중국
202603,K-뷰티웰니스,5.29,중국
202603,K-문화체험,4.26,중국
202603,K-나이트컬처,0.96,중국
202603,K-스포츠,0.32,중국
202603,K-공연,0.18,중국
202604,K-라이프스타일푸드,46.73,중국
202604,K-한식,18.27,중국
202604,K-쇼핑,17.73,중국
202604,K-패션,5.6,중국
202604,K-뷰티웰니스,5.56,중국
202604,K-문화체험,4.46,중국
202604,K-나이트컬처,0.98,중국
202604,K-스포츠,0.38,중국
202604,K-공연,0.3,중국
